CATEGORY,ARTICLE,DESCRIPTION,LAST_ACTUAL_SALES,PREDICTED_DATE,PREDICTED_SALES,GROWTH,MAE,RMSE
BUILDINGS,LUMBER,"LUMBER 2"" X 3"" X 12'/14' KD",20.0,2024-01-01,9.437512515277092,-10.562487484722908,38.03918946992934,40.66931007963673
BUILDINGS,LUMBER,"LUMBER 2"" X 3"" X 12'/14' KD",20.0,2024-02-01,157.1658367437667,137.1658367437667,38.03918946992934,40.66931007963673
BUILDINGS,LUMBER,"LUMBER 2"" X 3"" X 12'/14' KD",20.0,2024-03-01,268.2401080146934,248.24010801469342,38.03918946992934,40.66931007963673
BUILDINGS,LUMBER,"LUMBER 2"" X 3"" X 12'/14' KD",20.0,2024-04-01,32.48412264513687,12.484122645136871,38.03918946992934,40.66931007963673
BUILDINGS,LUMBER,"LUMBER 2"" X 3"" X 12'/14' KD",20.0,2024-05-01,25.368818826465137,5.368818826465137,38.03918946992934,40.66931007963673
BUILDINGS,LUMBER,"LUMBER 2"" X 3"" X 12'/14' KD",20.0,2024-06-01,-0.5487798970073641,-20.548779897007364,38.03918946992934,40.66931007963673
BUILDINGS,LUMBER,"LUMBER 2"" X 4"" X 14' KD",20.0,2024-01-01,9.437512515277092,-10.562487484722908,38.03918946992934,40.66931007963673
BUILDINGS,LUMBER,"LUMBER 2"" X 4"" X 14' KD",20.0,2024-02-01,157.1658367437667,137.1658367437667,38.03918946992934,40.66931007963673
BUILDINGS,LUMBER,"LUMBER 2"" X 4"" X 14' KD",20.0,2024-03-01,268.2401080146934,248.24010801469342,38.03918946992934,40.66931007963673
BUILDINGS,LUMBER,"LUMBER 2"" X 4"" X 14' KD",20.0,2024-04-01,32.48412264513687,12.484122645136871,38.03918946992934,40.66931007963673
BUILDINGS,LUMBER,"LUMBER 2"" X 4"" X 14' KD",20.0,2024-05-01,25.368818826465137,5.368818826465137,38.03918946992934,40.66931007963673
BUILDINGS,LUMBER,"LUMBER 2"" X 4"" X 14' KD",20.0,2024-06-01,-0.5487798970073641,-20.548779897007364,38.03918946992934,40.66931007963673
BUILDINGS,PLYWOOD,"PLYWOOD 1/4""",0.0,2024-01-01,8.085727875076088,8.085727875076088,69.74381122775505,74.93445889055216
BUILDINGS,PLYWOOD,"PLYWOOD 1/4""",0.0,2024-02-01,67.47882545296136,67.47882545296136,69.74381122775505,74.93445889055216
BUILDINGS,PLYWOOD,"PLYWOOD 1/4""",0.0,2024-03-01,76.33270758754321,76.33270758754321,69.74381122775505,74.93445889055216
BUILDINGS,PLYWOOD,"PLYWOOD 1/4""",0.0,2024-04-01,-34.66842732563667,-34.66842732563667,69.74381122775505,74.93445889055216
BUILDINGS,PLYWOOD,"PLYWOOD 1/4""",0.0,2024-05-01,8.40323628932219,8.40323628932219,69.74381122775505,74.93445889055216
BUILDINGS,PLYWOOD,"PLYWOOD 1/4""",0.0,2024-06-01,117.6172868808568,117.6172868808568,69.74381122775505,74.93445889055216
BUILDINGS,PLYWOOD,"PLYWOOD 3/4""",2.0,2024-01-01,2.3308942806400026,0.3308942806400026,11.929808226079617,14.403187251874893
BUILDINGS,PLYWOOD,"PLYWOOD 3/4""",2.0,2024-02-01,40.86813094105243,38.86813094105243,11.929808226079617,14.403187251874893
BUILDINGS,PLYWOOD,"PLYWOOD 3/4""",2.0,2024-03-01,4.127470272175291,2.127470272175291,11.929808226079617,14.403187251874893
BUILDINGS,PLYWOOD,"PLYWOOD 3/4""",2.0,2024-04-01,5.656512031357415,3.6565120313574146,11.929808226079617,14.403187251874893
BUILDINGS,PLYWOOD,"PLYWOOD 3/4""",2.0,2024-05-01,10.018777536469043,8.018777536469043,11.929808226079617,14.403187251874893
BUILDINGS,PLYWOOD,"PLYWOOD 3/4""",2.0,2024-06-01,14.749306768733407,12.749306768733407,11.929808226079617,14.403187251874893
BUILDINGS,SCREEN MATTING,SCREEN MATTING,0.0,2024-01-01,0.9868336087335201,0.9868336087335201,0.5187654158086085,0.5338947208990817
BUILDINGS,SCREEN MATTING,SCREEN MATTING,0.0,2024-02-01,1.6022253020789028,1.6022253020789028,0.5187654158086085,0.5338947208990817
BUILDINGS,SCREEN MATTING,SCREEN MATTING,0.0,2024-03-01,1.2319959393393054,1.2319959393393054,0.5187654158086085,0.5338947208990817
BUILDINGS,SCREEN MATTING,SCREEN MATTING,0.0,2024-04-01,1.7819212708078314,1.7819212708078314,0.5187654158086085,0.5338947208990817
BUILDINGS,SCREEN MATTING,SCREEN MATTING,0.0,2024-05-01,1.9917653568288165,1.9917653568288165,0.5187654158086085,0.5338947208990817
BUILDINGS,SCREEN MATTING,SCREEN MATTING,0.0,2024-06-01,-0.42463282963350224,-0.42463282963350224,0.5187654158086085,0.5338947208990817
CUSTODIAL,BROOM ,BROOM (WALIS TAMBO),2.0,2024-01-01,1.6250791489543066,-0.3749208510456934,1.1956384557663742,1.4892919267594489
CUSTODIAL,BROOM ,BROOM (WALIS TAMBO),2.0,2024-02-01,2.5055391913510716,0.5055391913510716,1.1956384557663742,1.4892919267594489
CUSTODIAL,BROOM ,BROOM (WALIS TAMBO),2.0,2024-03-01,2.573973702328334,0.5739737023283338,1.1956384557663742,1.4892919267594489
CUSTODIAL,BROOM ,BROOM (WALIS TAMBO),2.0,2024-04-01,1.320911670364907,-0.6790883296350929,1.1956384557663742,1.4892919267594489
CUSTODIAL,BROOM ,BROOM (WALIS TAMBO),2.0,2024-05-01,1.4778078988399788,-0.5221921011600212,1.1956384557663742,1.4892919267594489
CUSTODIAL,BROOM ,BROOM (WALIS TAMBO),2.0,2024-06-01,1.3674229867477723,-0.6325770132522277,1.1956384557663742,1.4892919267594489
CUSTODIAL,DISENFECTANT SPRAY,DISENFECTANT SPRAY Citrus Scent (340g),3.0,2024-01-01,1.640441451547005,-1.359558548452995,0.6501009264804204,0.9775092830305423
CUSTODIAL,DISENFECTANT SPRAY,DISENFECTANT SPRAY Citrus Scent (340g),3.0,2024-02-01,2.359897230524229,-0.6401027694757708,0.6501009264804204,0.9775092830305423
CUSTODIAL,DISENFECTANT SPRAY,DISENFECTANT SPRAY Citrus Scent (340g),3.0,2024-03-01,2.0058985364442767,-0.9941014635557233,0.6501009264804204,0.9775092830305423
CUSTODIAL,DISENFECTANT SPRAY,DISENFECTANT SPRAY Citrus Scent (340g),3.0,2024-04-01,1.650108109604181,-1.349891890395819,0.6501009264804204,0.9775092830305423
CUSTODIAL,DISENFECTANT SPRAY,DISENFECTANT SPRAY Citrus Scent (340g),3.0,2024-05-01,1.2235751673667445,-1.7764248326332555,0.6501009264804204,0.9775092830305423
CUSTODIAL,DISENFECTANT SPRAY,DISENFECTANT SPRAY Citrus Scent (340g),3.0,2024-06-01,1.5456856594341672,-1.4543143405658328,0.6501009264804204,0.9775092830305423
CUSTODIAL,DUTCH CLEANSER,DUTCH CLEANSER,2.0,2024-01-01,2.8204520358490743,0.8204520358490743,0.670707564688431,0.7730068944110696
CUSTODIAL,DUTCH CLEANSER,DUTCH CLEANSER,2.0,2024-02-01,4.213512651041906,2.2135126510419063,0.670707564688431,0.7730068944110696
CUSTODIAL,DUTCH CLEANSER,DUTCH CLEANSER,2.0,2024-03-01,6.160804833454202,4.160804833454202,0.670707564688431,0.7730068944110696
CUSTODIAL,DUTCH CLEANSER,DUTCH CLEANSER,2.0,2024-04-01,2.2025031445525234,0.20250314455252338,0.670707564688431,0.7730068944110696
CUSTODIAL,DUTCH CLEANSER,DUTCH CLEANSER,2.0,2024-05-01,1.970401873974589,-0.02959812602541101,0.670707564688431,0.7730068944110696
CUSTODIAL,DUTCH CLEANSER,DUTCH CLEANSER,2.0,2024-06-01,3.9033946437368723,1.9033946437368723,0.670707564688431,0.7730068944110696
ELECTRICAL,CONVINIENCE OUTLET,2 GANG W/ GROUNDING PLATE PANASONIC DUPLEX,0.0,2024-01-01,6.765567693518512,6.765567693518512,2.8208310271005588,3.068197421780376
ELECTRICAL,CONVINIENCE OUTLET,2 GANG W/ GROUNDING PLATE PANASONIC DUPLEX,0.0,2024-02-01,5.716387247268437,5.716387247268437,2.8208310271005588,3.068197421780376
ELECTRICAL,CONVINIENCE OUTLET,2 GANG W/ GROUNDING PLATE PANASONIC DUPLEX,0.0,2024-03-01,2.8264037922535756,2.8264037922535756,2.8208310271005588,3.068197421780376
ELECTRICAL,CONVINIENCE OUTLET,2 GANG W/ GROUNDING PLATE PANASONIC DUPLEX,0.0,2024-04-01,5.400283823098592,5.400283823098592,2.8208310271005588,3.068197421780376
ELECTRICAL,CONVINIENCE OUTLET,2 GANG W/ GROUNDING PLATE PANASONIC DUPLEX,0.0,2024-05-01,17.611834769925377,17.611834769925377,2.8208310271005588,3.068197421780376
ELECTRICAL,CONVINIENCE OUTLET,2 GANG W/ GROUNDING PLATE PANASONIC DUPLEX,0.0,2024-06-01,4.794046419904834,4.794046419904834,2.8208310271005588,3.068197421780376
ELECTRICAL,FLOURESCENT TUBE,FLOURESCENT TUBE 40W,0.0,2024-01-01,-15.419522688222491,-15.419522688222491,8.392254282579705,9.569934754106525
ELECTRICAL,FLOURESCENT TUBE,FLOURESCENT TUBE 40W,0.0,2024-02-01,1.3301248420321328,1.3301248420321328,8.392254282579705,9.569934754106525
ELECTRICAL,FLOURESCENT TUBE,FLOURESCENT TUBE 40W,0.0,2024-03-01,33.00533668669316,33.00533668669316,8.392254282579705,9.569934754106525
ELECTRICAL,FLOURESCENT TUBE,FLOURESCENT TUBE 40W,0.0,2024-04-01,-27.25693260028038,-27.25693260028038,8.392254282579705,9.569934754106525
ELECTRICAL,FLOURESCENT TUBE,FLOURESCENT TUBE 40W,0.0,2024-05-01,-2.529542351012826,-2.529542351012826,8.392254282579705,9.569934754106525
ELECTRICAL,FLOURESCENT TUBE,FLOURESCENT TUBE 40W,0.0,2024-06-01,14.636670507457836,14.636670507457836,8.392254282579705,9.569934754106525
ELECTRICAL,HIGH SODIUM LAMP,HIGH SODIUM LAMP  250W,0.0,2024-01-01,0.737656970024549,0.737656970024549,0.1546603626313219,0.17231869191700028
ELECTRICAL,HIGH SODIUM LAMP,HIGH SODIUM LAMP  250W,0.0,2024-02-01,1.1111173818693494,1.1111173818693494,0.1546603626313219,0.17231869191700028
ELECTRICAL,HIGH SODIUM LAMP,HIGH SODIUM LAMP  250W,0.0,2024-03-01,-0.10672587252725085,-0.10672587252725085,0.1546603626313219,0.17231869191700028
ELECTRICAL,HIGH SODIUM LAMP,HIGH SODIUM LAMP  250W,0.0,2024-04-01,-0.14855439651183255,-0.14855439651183255,0.1546603626313219,0.17231869191700028
ELECTRICAL,HIGH SODIUM LAMP,HIGH SODIUM LAMP  250W,0.0,2024-05-01,7.829011008847646,7.829011008847646,0.1546603626313219,0.17231869191700028
ELECTRICAL,HIGH SODIUM LAMP,HIGH SODIUM LAMP  250W,0.0,2024-06-01,0.3486870604269149,0.3486870604269149,0.1546603626313219,0.17231869191700028
ELECTRICAL,PVC PIPE ,"PVC PIPE 1""",0.0,2024-01-01,3.7615049692939624,3.7615049692939624,5.942773566764704,6.344287794348714
ELECTRICAL,PVC PIPE ,"PVC PIPE 1""",0.0,2024-02-01,7.614421184902186,7.614421184902186,5.942773566764704,6.344287794348714
ELECTRICAL,PVC PIPE ,"PVC PIPE 1""",0.0,2024-03-01,-1.5862579301266004,-1.5862579301266004,5.942773566764704,6.344287794348714
ELECTRICAL,PVC PIPE ,"PVC PIPE 1""",0.0,2024-04-01,3.1401421593756185,3.1401421593756185,5.942773566764704,6.344287794348714
ELECTRICAL,PVC PIPE ,"PVC PIPE 1""",0.0,2024-05-01,-1.6069328472077333,-1.6069328472077333,5.942773566764704,6.344287794348714
ELECTRICAL,PVC PIPE ,"PVC PIPE 1""",0.0,2024-06-01,24.68336964296486,24.68336964296486,5.942773566764704,6.344287794348714
ELECTRICAL,TOX,PLASTIC TOX #8,100.0,2024-01-01,-65.11670101446995,-165.11670101446995,37.6807578121684,52.699841125261926
ELECTRICAL,TOX,PLASTIC TOX #8,100.0,2024-02-01,-42.099528679835004,-142.099528679835,37.6807578121684,52.699841125261926
ELECTRICAL,TOX,PLASTIC TOX #8,100.0,2024-03-01,17.709034124037334,-82.29096587596267,37.6807578121684,52.699841125261926
ELECTRICAL,TOX,PLASTIC TOX #8,100.0,2024-04-01,-23.680700439130568,-123.68070043913056,37.6807578121684,52.699841125261926
ELECTRICAL,TOX,PLASTIC TOX #8,100.0,2024-05-01,37.83215945334618,-62.16784054665382,37.6807578121684,52.699841125261926
ELECTRICAL,TOX,PLASTIC TOX #8,100.0,2024-06-01,22.998008590450326,-77.00199140954967,37.6807578121684,52.699841125261926
GROUNDS,TRASH LINER,"TRASH LINER (GARBAGE BAG 2XL), premium grade, 10 pcs/pack, transparent",700.0,2024-01-01,289.0556898221236,-410.9443101778764,259.54793044126075,310.6430467805508
GROUNDS,TRASH LINER,"TRASH LINER (GARBAGE BAG 2XL), premium grade, 10 pcs/pack, transparent",700.0,2024-02-01,305.41085694198136,-394.58914305801864,259.54793044126075,310.6430467805508
GROUNDS,TRASH LINER,"TRASH LINER (GARBAGE BAG 2XL), premium grade, 10 pcs/pack, transparent",700.0,2024-03-01,331.4425884247122,-368.5574115752878,259.54793044126075,310.6430467805508
GROUNDS,TRASH LINER,"TRASH LINER (GARBAGE BAG 2XL), premium grade, 10 pcs/pack, transparent",700.0,2024-04-01,261.7495343756214,-438.2504656243786,259.54793044126075,310.6430467805508
GROUNDS,TRASH LINER,"TRASH LINER (GARBAGE BAG 2XL), premium grade, 10 pcs/pack, transparent",700.0,2024-05-01,213.81284397285333,-486.18715602714667,259.54793044126075,310.6430467805508
GROUNDS,TRASH LINER,"TRASH LINER (GARBAGE BAG 2XL), premium grade, 10 pcs/pack, transparent",700.0,2024-06-01,344.87718199508953,-355.12281800491047,259.54793044126075,310.6430467805508
LANDSCAPING,CHAINSAW BLADE,"CHAINSAW BLADE 12""",0.0,2024-01-01,1.2081859406787665,1.2081859406787665,0.268217275701576,0.30905329756703814
LANDSCAPING,CHAINSAW BLADE,"CHAINSAW BLADE 12""",0.0,2024-02-01,0.21894579666118788,0.21894579666118788,0.268217275701576,0.30905329756703814
LANDSCAPING,CHAINSAW BLADE,"CHAINSAW BLADE 12""",0.0,2024-03-01,-0.08109798111000083,-0.08109798111000083,0.268217275701576,0.30905329756703814
LANDSCAPING,CHAINSAW BLADE,"CHAINSAW BLADE 12""",0.0,2024-04-01,0.28004838913577784,0.28004838913577784,0.268217275701576,0.30905329756703814
LANDSCAPING,CHAINSAW BLADE,"CHAINSAW BLADE 12""",0.0,2024-05-01,0.7772386052924916,0.7772386052924916,0.268217275701576,0.30905329756703814
LANDSCAPING,CHAINSAW BLADE,"CHAINSAW BLADE 12""",0.0,2024-06-01,-0.06734248268199383,-0.06734248268199383,0.268217275701576,0.30905329756703814
LANDSCAPING,CHAINSAW BLADE,"CHAINSAW BLADE 16""",0.0,2024-01-01,-0.5101912307252406,-0.5101912307252406,0.28655946891614287,0.2899438606708547
LANDSCAPING,CHAINSAW BLADE,"CHAINSAW BLADE 16""",0.0,2024-02-01,0.33574024305464345,0.33574024305464345,0.28655946891614287,0.2899438606708547
LANDSCAPING,CHAINSAW BLADE,"CHAINSAW BLADE 16""",0.0,2024-03-01,-0.24663552584818382,-0.24663552584818382,0.28655946891614287,0.2899438606708547
LANDSCAPING,CHAINSAW BLADE,"CHAINSAW BLADE 16""",0.0,2024-04-01,-0.2641846023986825,-0.2641846023986825,0.28655946891614287,0.2899438606708547
LANDSCAPING,CHAINSAW BLADE,"CHAINSAW BLADE 16""",0.0,2024-05-01,0.34341824080355327,0.34341824080355327,0.28655946891614287,0.2899438606708547
LANDSCAPING,CHAINSAW BLADE,"CHAINSAW BLADE 16""",0.0,2024-06-01,0.27808566010544744,0.27808566010544744,0.28655946891614287,0.2899438606708547
LANDSCAPING,GUIDE BAR,"GUIDE BAR 36""",0.0,2024-01-01,0.008630581062533567,0.008630581062533567,0.22397377797679377,0.37477214192257124
LANDSCAPING,GUIDE BAR,"GUIDE BAR 36""",0.0,2024-02-01,0.06473757393802533,0.06473757393802533,0.22397377797679377,0.37477214192257124
LANDSCAPING,GUIDE BAR,"GUIDE BAR 36""",0.0,2024-03-01,-0.10091030171696067,-0.10091030171696067,0.22397377797679377,0.37477214192257124
LANDSCAPING,GUIDE BAR,"GUIDE BAR 36""",0.0,2024-04-01,0.6360108155852718,0.6360108155852718,0.22397377797679377,0.37477214192257124
LANDSCAPING,GUIDE BAR,"GUIDE BAR 36""",0.0,2024-05-01,-0.04962732387415336,-0.04962732387415336,0.22397377797679377,0.37477214192257124
LANDSCAPING,GUIDE BAR,"GUIDE BAR 36""",0.0,2024-06-01,0.3475422366906651,0.3475422366906651,0.22397377797679377,0.37477214192257124
LANDSCAPING,ROUND FILE,"ROUND FILE 16""",0.0,2024-01-01,-1.2691752723663066,-1.2691752723663066,0.8153841859505523,0.8339783217783685
LANDSCAPING,ROUND FILE,"ROUND FILE 16""",0.0,2024-02-01,1.0375295949586238,1.0375295949586238,0.8153841859505523,0.8339783217783685
LANDSCAPING,ROUND FILE,"ROUND FILE 16""",0.0,2024-03-01,-0.5160749093500752,-0.5160749093500752,0.8153841859505523,0.8339783217783685
LANDSCAPING,ROUND FILE,"ROUND FILE 16""",0.0,2024-04-01,-0.026314986632462595,-0.026314986632462595,0.8153841859505523,0.8339783217783685
LANDSCAPING,ROUND FILE,"ROUND FILE 16""",0.0,2024-05-01,0.12376362164846033,0.12376362164846033,0.8153841859505523,0.8339783217783685
LANDSCAPING,ROUND FILE,"ROUND FILE 16""",0.0,2024-06-01,3.470472936353726,3.470472936353726,0.8153841859505523,0.8339783217783685
LANDSCAPING,ROUND FILE,"ROUND FILE 24""",0.0,2024-01-01,0.10589386577480064,0.10589386577480064,0.24718692956892033,0.2861853399768959
LANDSCAPING,ROUND FILE,"ROUND FILE 24""",0.0,2024-02-01,0.3641140381703199,0.3641140381703199,0.24718692956892033,0.2861853399768959
LANDSCAPING,ROUND FILE,"ROUND FILE 24""",0.0,2024-03-01,-0.28836830410601244,-0.28836830410601244,0.24718692956892033,0.2861853399768959
LANDSCAPING,ROUND FILE,"ROUND FILE 24""",0.0,2024-04-01,1.4365879580494454,1.4365879580494454,0.24718692956892033,0.2861853399768959
LANDSCAPING,ROUND FILE,"ROUND FILE 24""",0.0,2024-05-01,0.7422237380446461,0.7422237380446461,0.24718692956892033,0.2861853399768959
LANDSCAPING,ROUND FILE,"ROUND FILE 24""",0.0,2024-06-01,2.6189507739677085,2.6189507739677085,0.24718692956892033,0.2861853399768959
MOTORPOOL,AUTOMOTIVE BELT,AUTOMOTIVE BELT 3610 x 1525 A-60,52.0,2024-01-01,-1.0160601340365978,-53.0160601340366,11.679896549048193,19.61760021752872
MOTORPOOL,AUTOMOTIVE BELT,AUTOMOTIVE BELT 3610 x 1525 A-60,52.0,2024-02-01,-0.2509586786504019,-52.2509586786504,11.679896549048193,19.61760021752872
MOTORPOOL,AUTOMOTIVE BELT,AUTOMOTIVE BELT 3610 x 1525 A-60,52.0,2024-03-01,3.168984900937733,-48.83101509906227,11.679896549048193,19.61760021752872
MOTORPOOL,AUTOMOTIVE BELT,AUTOMOTIVE BELT 3610 x 1525 A-60,52.0,2024-04-01,1.7022531479549627,-50.29774685204504,11.679896549048193,19.61760021752872
MOTORPOOL,AUTOMOTIVE BELT,AUTOMOTIVE BELT 3610 x 1525 A-60,52.0,2024-05-01,0.8683658511021108,-51.13163414889789,11.679896549048193,19.61760021752872
MOTORPOOL,AUTOMOTIVE BELT,AUTOMOTIVE BELT 3610 x 1525 A-60,52.0,2024-06-01,0.701021404369716,-51.29897859563028,11.679896549048193,19.61760021752872
MOTORPOOL,DIESEL ENGINE OIL,DIESEL ENGINE OIL  SAE 40,0.0,2024-01-01,16.16152095212881,16.16152095212881,2.633060350888948,3.069082307752836
MOTORPOOL,DIESEL ENGINE OIL,DIESEL ENGINE OIL  SAE 40,0.0,2024-02-01,1.088069950452511,1.088069950452511,2.633060350888948,3.069082307752836
MOTORPOOL,DIESEL ENGINE OIL,DIESEL ENGINE OIL  SAE 40,0.0,2024-03-01,2.442988600788366,2.442988600788366,2.633060350888948,3.069082307752836
MOTORPOOL,DIESEL ENGINE OIL,DIESEL ENGINE OIL  SAE 40,0.0,2024-04-01,3.1686401908594624,3.1686401908594624,2.633060350888948,3.069082307752836
MOTORPOOL,DIESEL ENGINE OIL,DIESEL ENGINE OIL  SAE 40,0.0,2024-05-01,1.129963827211843,1.129963827211843,2.633060350888948,3.069082307752836
MOTORPOOL,DIESEL ENGINE OIL,DIESEL ENGINE OIL  SAE 40,0.0,2024-06-01,4.079451168842773,4.079451168842773,2.633060350888948,3.069082307752836
MOTORPOOL,GASOLINE ENGINE OIL,GASOLINE ENGINE OIL ,11.0,2024-01-01,10.008026188910485,-0.9919738110895153,5.586297241776582,6.243823720485833
MOTORPOOL,GASOLINE ENGINE OIL,GASOLINE ENGINE OIL ,11.0,2024-02-01,0.3758139373629783,-10.624186062637023,5.586297241776582,6.243823720485833
MOTORPOOL,GASOLINE ENGINE OIL,GASOLINE ENGINE OIL ,11.0,2024-03-01,3.81106429270529,-7.188935707294711,5.586297241776582,6.243823720485833
MOTORPOOL,GASOLINE ENGINE OIL,GASOLINE ENGINE OIL ,11.0,2024-04-01,5.917113115646032,-5.082886884353968,5.586297241776582,6.243823720485833
MOTORPOOL,GASOLINE ENGINE OIL,GASOLINE ENGINE OIL ,11.0,2024-05-01,2.5629769860992013,-8.437023013900799,5.586297241776582,6.243823720485833
MOTORPOOL,GASOLINE ENGINE OIL,GASOLINE ENGINE OIL ,11.0,2024-06-01,11.187426492333534,0.18742649233353426,5.586297241776582,6.243823720485833
MOTORPOOL,OIL FILTER ,OIL FILTER (DAIWA) DC-518/526,34.0,2024-01-01,-0.7314307013557542,-34.731430701355755,7.66694056513271,12.847065512499842
MOTORPOOL,OIL FILTER ,OIL FILTER (DAIWA) DC-518/526,34.0,2024-02-01,0.06082347089232987,-33.93917652910767,7.66694056513271,12.847065512499842
MOTORPOOL,OIL FILTER ,OIL FILTER (DAIWA) DC-518/526,34.0,2024-03-01,2.08008478074291,-31.91991521925709,7.66694056513271,12.847065512499842
MOTORPOOL,OIL FILTER ,OIL FILTER (DAIWA) DC-518/526,34.0,2024-04-01,1.105348995125019,-32.89465100487498,7.66694056513271,12.847065512499842
MOTORPOOL,OIL FILTER ,OIL FILTER (DAIWA) DC-518/526,34.0,2024-05-01,0.5459455634877763,-33.45405443651222,7.66694056513271,12.847065512499842
MOTORPOOL,OIL FILTER ,OIL FILTER (DAIWA) DC-518/526,34.0,2024-06-01,0.42396139472048167,-33.57603860527952,7.66694056513271,12.847065512499842
MOTORPOOL,OIL FILTER ,OIL FILTER (SAKURA) C-1712,32.0,2024-01-01,-0.5664068971362455,-32.56640689713625,7.138774778559828,12.043256570939498
MOTORPOOL,OIL FILTER ,OIL FILTER (SAKURA) C-1712,32.0,2024-02-01,-0.12396801519494816,-32.12396801519495,7.138774778559828,12.043256570939498
MOTORPOOL,OIL FILTER ,OIL FILTER (SAKURA) C-1712,32.0,2024-03-01,2.0530938939014396,-29.94690610609856,7.138774778559828,12.043256570939498
MOTORPOOL,OIL FILTER ,OIL FILTER (SAKURA) C-1712,32.0,2024-04-01,1.170012223873699,-30.829987776126302,7.138774778559828,12.043256570939498
MOTORPOOL,OIL FILTER ,OIL FILTER (SAKURA) C-1712,32.0,2024-05-01,0.5141120227563076,-31.485887977243692,7.138774778559828,12.043256570939498
MOTORPOOL,OIL FILTER ,OIL FILTER (SAKURA) C-1712,32.0,2024-06-01,0.5473186884554503,-31.45268131154455,7.138774778559828,12.043256570939498
OFFICE,ALCOHOL,ALCOHOL ISOPROPYL 70% 500ml,0.0,2024-01-01,13.57149992417957,13.57149992417957,6.46463659310631,6.487490428230794
OFFICE,ALCOHOL,ALCOHOL ISOPROPYL 70% 500ml,0.0,2024-02-01,37.06641761884491,37.06641761884491,6.46463659310631,6.487490428230794
OFFICE,ALCOHOL,ALCOHOL ISOPROPYL 70% 500ml,0.0,2024-03-01,22.83592245194195,22.83592245194195,6.46463659310631,6.487490428230794
OFFICE,ALCOHOL,ALCOHOL ISOPROPYL 70% 500ml,0.0,2024-04-01,8.114258679418569,8.114258679418569,6.46463659310631,6.487490428230794
OFFICE,ALCOHOL,ALCOHOL ISOPROPYL 70% 500ml,0.0,2024-05-01,9.91346345955224,9.91346345955224,6.46463659310631,6.487490428230794
OFFICE,ALCOHOL,ALCOHOL ISOPROPYL 70% 500ml,0.0,2024-06-01,6.057983839508903,6.057983839508903,6.46463659310631,6.487490428230794
OFFICE,BOND PAPER,A3  COPY PAPER,3.0,2024-01-01,2.970490175295671,-0.029509824704328835,2.112206959037142,2.3111210092417362
OFFICE,BOND PAPER,A3  COPY PAPER,3.0,2024-02-01,7.478519381239699,4.478519381239699,2.112206959037142,2.3111210092417362
OFFICE,BOND PAPER,A3  COPY PAPER,3.0,2024-03-01,20.625299583213554,17.625299583213554,2.112206959037142,2.3111210092417362
OFFICE,BOND PAPER,A3  COPY PAPER,3.0,2024-04-01,-1.8602709093291594,-4.860270909329159,2.112206959037142,2.3111210092417362
OFFICE,BOND PAPER,A3  COPY PAPER,3.0,2024-05-01,-0.5885165448043672,-3.588516544804367,2.112206959037142,2.3111210092417362
OFFICE,BOND PAPER,A3  COPY PAPER,3.0,2024-06-01,1.521497450895703,-1.478502549104297,2.112206959037142,2.3111210092417362
OFFICE,BOND PAPER,A4  COPY PAPER,9.0,2024-01-01,36.71273397575584,27.71273397575584,7.560643005567357,8.953905315812284
OFFICE,BOND PAPER,A4  COPY PAPER,9.0,2024-02-01,25.365720933262317,16.365720933262317,7.560643005567357,8.953905315812284
OFFICE,BOND PAPER,A4  COPY PAPER,9.0,2024-03-01,24.436573547025098,15.436573547025098,7.560643005567357,8.953905315812284
OFFICE,BOND PAPER,A4  COPY PAPER,9.0,2024-04-01,15.398918672223761,6.398918672223761,7.560643005567357,8.953905315812284
OFFICE,BOND PAPER,A4  COPY PAPER,9.0,2024-05-01,12.386023644119584,3.386023644119584,7.560643005567357,8.953905315812284
OFFICE,BOND PAPER,A4  COPY PAPER,9.0,2024-06-01,35.928293531383375,26.928293531383375,7.560643005567357,8.953905315812284
OFFICE,INK,INK EPSON T6641   BLACK,0.0,2024-01-01,-2.67392624528011,-2.67392624528011,4.089758195952889,4.11413447072562
OFFICE,INK,INK EPSON T6641   BLACK,0.0,2024-02-01,8.681027908025028,8.681027908025028,4.089758195952889,4.11413447072562
OFFICE,INK,INK EPSON T6641   BLACK,0.0,2024-03-01,-0.926722847963311,-0.926722847963311,4.089758195952889,4.11413447072562
OFFICE,INK,INK EPSON T6641   BLACK,0.0,2024-04-01,1.127592952609358,1.127592952609358,4.089758195952889,4.11413447072562
OFFICE,INK,INK EPSON T6641   BLACK,0.0,2024-05-01,4.079756071735945,4.079756071735945,4.089758195952889,4.11413447072562
OFFICE,INK,INK EPSON T6641   BLACK,0.0,2024-06-01,6.633261308632804,6.633261308632804,4.089758195952889,4.11413447072562
OFFICE,TISSUE,"TISSUE/TOILET PAPER, 3-ply, 600 sheets, 100% Virgin Pulp",72.0,2024-01-01,68.80788012775369,-3.192119872246309,13.546209308318131,15.54525790420935
OFFICE,TISSUE,"TISSUE/TOILET PAPER, 3-ply, 600 sheets, 100% Virgin Pulp",72.0,2024-02-01,33.28841907436811,-38.71158092563189,13.546209308318131,15.54525790420935
OFFICE,TISSUE,"TISSUE/TOILET PAPER, 3-ply, 600 sheets, 100% Virgin Pulp",72.0,2024-03-01,40.20816030223566,-31.79183969776434,13.546209308318131,15.54525790420935
OFFICE,TISSUE,"TISSUE/TOILET PAPER, 3-ply, 600 sheets, 100% Virgin Pulp",72.0,2024-04-01,75.72434020853687,3.724340208536873,13.546209308318131,15.54525790420935
OFFICE,TISSUE,"TISSUE/TOILET PAPER, 3-ply, 600 sheets, 100% Virgin Pulp",72.0,2024-05-01,68.28582417390896,-3.7141758260910365,13.546209308318131,15.54525790420935
OFFICE,TISSUE,"TISSUE/TOILET PAPER, 3-ply, 600 sheets, 100% Virgin Pulp",72.0,2024-06-01,89.57550427765095,17.57550427765095,13.546209308318131,15.54525790420935
PLUMBING,GATE VALVE,"GATE VALVE 1/2""",0.0,2024-01-01,-0.7986264372392042,-0.7986264372392042,1.0152894856054795,1.2950938164771335
PLUMBING,GATE VALVE,"GATE VALVE 1/2""",0.0,2024-02-01,3.6843801071740305,3.6843801071740305,1.0152894856054795,1.2950938164771335
PLUMBING,GATE VALVE,"GATE VALVE 1/2""",0.0,2024-03-01,1.976381427727393,1.976381427727393,1.0152894856054795,1.2950938164771335
PLUMBING,GATE VALVE,"GATE VALVE 1/2""",0.0,2024-04-01,1.493275880429262,1.493275880429262,1.0152894856054795,1.2950938164771335
PLUMBING,GATE VALVE,"GATE VALVE 1/2""",0.0,2024-05-01,-0.7400462530751131,-0.7400462530751131,1.0152894856054795,1.2950938164771335
PLUMBING,GATE VALVE,"GATE VALVE 1/2""",0.0,2024-06-01,2.4752211775219246,2.4752211775219246,1.0152894856054795,1.2950938164771335
PLUMBING,GI PIPE,"GI PIPE 1 1/2"" X 20 40 SCH.",1.0,2024-01-01,0.44999552508712687,-0.5500044749128732,0.08228874791825941,0.08960181637765023
PLUMBING,GI PIPE,"GI PIPE 1 1/2"" X 20 40 SCH.",1.0,2024-02-01,0.6676966396694227,-0.3323033603305773,0.08228874791825941,0.08960181637765023
PLUMBING,GI PIPE,"GI PIPE 1 1/2"" X 20 40 SCH.",1.0,2024-03-01,0.9458306794504312,-0.0541693205495688,0.08228874791825941,0.08960181637765023
PLUMBING,GI PIPE,"GI PIPE 1 1/2"" X 20 40 SCH.",1.0,2024-04-01,0.43506964648341784,-0.5649303535165822,0.08228874791825941,0.08960181637765023
PLUMBING,GI PIPE,"GI PIPE 1 1/2"" X 20 40 SCH.",1.0,2024-05-01,0.4553872522383585,-0.5446127477616415,0.08228874791825941,0.08960181637765023
PLUMBING,GI PIPE,"GI PIPE 1 1/2"" X 20 40 SCH.",1.0,2024-06-01,0.2528962951484584,-0.7471037048515417,0.08228874791825941,0.08960181637765023
PLUMBING,GI PIPE,"GI PIPE 1"" X 20' SCH.40",0.0,2024-01-01,-0.23843659749024768,-0.23843659749024768,0.9052769186717716,0.9937862680021194
PLUMBING,GI PIPE,"GI PIPE 1"" X 20' SCH.40",0.0,2024-02-01,0.3736262482044258,0.3736262482044258,0.9052769186717716,0.9937862680021194
PLUMBING,GI PIPE,"GI PIPE 1"" X 20' SCH.40",0.0,2024-03-01,0.6826968424251456,0.6826968424251456,0.9052769186717716,0.9937862680021194
PLUMBING,GI PIPE,"GI PIPE 1"" X 20' SCH.40",0.0,2024-04-01,1.1139041263637828,1.1139041263637828,0.9052769186717716,0.9937862680021194
PLUMBING,GI PIPE,"GI PIPE 1"" X 20' SCH.40",0.0,2024-05-01,-0.2504175950204492,-0.2504175950204492,0.9052769186717716,0.9937862680021194
PLUMBING,GI PIPE,"GI PIPE 1"" X 20' SCH.40",0.0,2024-06-01,-0.3465172415696994,-0.3465172415696994,0.9052769186717716,0.9937862680021194
PLUMBING,PVC PIPE,"PVC PIPE 1/2"" X 10' BLUE",13.0,2024-01-01,5.895153683708674,-7.104846316291326,2.5504845798759948,3.9953648014630976
PLUMBING,PVC PIPE,"PVC PIPE 1/2"" X 10' BLUE",13.0,2024-02-01,12.345635355190847,-0.6543646448091529,2.5504845798759948,3.9953648014630976
PLUMBING,PVC PIPE,"PVC PIPE 1/2"" X 10' BLUE",13.0,2024-03-01,13.48263883844055,0.48263883844055044,2.5504845798759948,3.9953648014630976
PLUMBING,PVC PIPE,"PVC PIPE 1/2"" X 10' BLUE",13.0,2024-04-01,4.126081757178685,-8.873918242821315,2.5504845798759948,3.9953648014630976
PLUMBING,PVC PIPE,"PVC PIPE 1/2"" X 10' BLUE",13.0,2024-05-01,10.61865140620851,-2.3813485937914898,2.5504845798759948,3.9953648014630976
PLUMBING,PVC PIPE,"PVC PIPE 1/2"" X 10' BLUE",13.0,2024-06-01,8.764409973134022,-4.235590026865978,2.5504845798759948,3.9953648014630976
PLUMBING,PVC PIPE,"PVC PIPE 3/4"" BLUE",13.0,2024-01-01,9.11677045832019,-3.8832295416798104,4.376692010514539,5.028841315996188
PLUMBING,PVC PIPE,"PVC PIPE 3/4"" BLUE",13.0,2024-02-01,13.355081122531034,0.3550811225310344,4.376692010514539,5.028841315996188
PLUMBING,PVC PIPE,"PVC PIPE 3/4"" BLUE",13.0,2024-03-01,12.6713000472206,-0.32869995277940056,4.376692010514539,5.028841315996188
PLUMBING,PVC PIPE,"PVC PIPE 3/4"" BLUE",13.0,2024-04-01,7.916668851049201,-5.083331148950799,4.376692010514539,5.028841315996188
PLUMBING,PVC PIPE,"PVC PIPE 3/4"" BLUE",13.0,2024-05-01,17.62782641664676,4.627826416646759,4.376692010514539,5.028841315996188
PLUMBING,PVC PIPE,"PVC PIPE 3/4"" BLUE",13.0,2024-06-01,12.858624253882127,-0.1413757461178733,4.376692010514539,5.028841315996188
REFRIGERATION,COPPER TUBE ,"COPPER TUBE  3/8""",285.0,2024-01-01,55.30030270823457,-229.69969729176543,108.30288069709461,123.32983879965703
REFRIGERATION,COPPER TUBE ,"COPPER TUBE  3/8""",285.0,2024-02-01,161.664534640402,-123.335465359598,108.30288069709461,123.32983879965703
REFRIGERATION,COPPER TUBE ,"COPPER TUBE  3/8""",285.0,2024-03-01,161.41258172462037,-123.58741827537963,108.30288069709461,123.32983879965703
REFRIGERATION,COPPER TUBE ,"COPPER TUBE  3/8""",285.0,2024-04-01,102.7328494250219,-182.2671505749781,108.30288069709461,123.32983879965703
REFRIGERATION,COPPER TUBE ,"COPPER TUBE  3/8""",285.0,2024-05-01,197.9527683448536,-87.04723165514639,108.30288069709461,123.32983879965703
REFRIGERATION,COPPER TUBE ,"COPPER TUBE  3/8""",285.0,2024-06-01,134.36493847330732,-150.63506152669268,108.30288069709461,123.32983879965703
REFRIGERATION,COPPER TUBE ,"COPPER TUBE 1/2""",80.0,2024-01-01,81.48821523218118,1.488215232181176,12.66915682081635,15.640595860663202
REFRIGERATION,COPPER TUBE ,"COPPER TUBE 1/2""",80.0,2024-02-01,181.27977723572303,101.27977723572303,12.66915682081635,15.640595860663202
REFRIGERATION,COPPER TUBE ,"COPPER TUBE 1/2""",80.0,2024-03-01,142.6933881823279,62.69338818232791,12.66915682081635,15.640595860663202
REFRIGERATION,COPPER TUBE ,"COPPER TUBE 1/2""",80.0,2024-04-01,86.65697839884675,6.656978398846746,12.66915682081635,15.640595860663202
REFRIGERATION,COPPER TUBE ,"COPPER TUBE 1/2""",80.0,2024-05-01,144.2640047879467,64.2640047879467,12.66915682081635,15.640595860663202
REFRIGERATION,COPPER TUBE ,"COPPER TUBE 1/2""",80.0,2024-06-01,154.40061109331992,74.40061109331992,12.66915682081635,15.640595860663202
REFRIGERATION,REFRIGERANT ,REFRIGERANT # R-410A,21.0,2024-01-01,-10.494928282125612,-31.494928282125613,10.321094726433008,12.590841902192043
REFRIGERATION,REFRIGERANT ,REFRIGERANT # R-410A,21.0,2024-02-01,7.137157764236344,-13.862842235763656,10.321094726433008,12.590841902192043
REFRIGERATION,REFRIGERANT ,REFRIGERANT # R-410A,21.0,2024-03-01,7.535116887315478,-13.464883112684522,10.321094726433008,12.590841902192043
REFRIGERATION,REFRIGERANT ,REFRIGERANT # R-410A,21.0,2024-04-01,-1.6026499440612199,-22.60264994406122,10.321094726433008,12.590841902192043
REFRIGERATION,REFRIGERANT ,REFRIGERANT # R-410A,21.0,2024-05-01,13.401852785031608,-7.598147214968392,10.321094726433008,12.590841902192043
REFRIGERATION,REFRIGERANT ,REFRIGERANT # R-410A,21.0,2024-06-01,5.60305347232787,-15.39694652767213,10.321094726433008,12.590841902192043
REFRIGERATION,REFRIGERANT ,REFRIGERANT #134-A,1.0,2024-01-01,-0.05487919967534169,-1.0548791996753417,0.5720872276781331,0.5826868023394954
REFRIGERATION,REFRIGERANT ,REFRIGERANT #134-A,1.0,2024-02-01,0.020737344677946357,-0.9792626553220536,0.5720872276781331,0.5826868023394954
REFRIGERATION,REFRIGERANT ,REFRIGERANT #134-A,1.0,2024-03-01,0.056407978291495645,-0.9435920217085043,0.5720872276781331,0.5826868023394954
REFRIGERATION,REFRIGERANT ,REFRIGERANT #134-A,1.0,2024-04-01,0.015509878373110242,-0.9844901216268898,0.5720872276781331,0.5826868023394954
REFRIGERATION,REFRIGERANT ,REFRIGERANT #134-A,1.0,2024-05-01,0.143605872014964,-0.856394127985036,0.5720872276781331,0.5826868023394954
REFRIGERATION,REFRIGERANT ,REFRIGERANT #134-A,1.0,2024-06-01,0.458016318219848,-0.541983681780152,0.5720872276781331,0.5826868023394954
REFRIGERATION,REFRIGERANT ,REFRIGERANT #22,0.0,2024-01-01,-10.002551008008117,-10.002551008008117,7.855126090597054,8.671787355471666
REFRIGERATION,REFRIGERANT ,REFRIGERANT #22,0.0,2024-02-01,5.270883511104392,5.270883511104392,7.855126090597054,8.671787355471666
REFRIGERATION,REFRIGERANT ,REFRIGERANT #22,0.0,2024-03-01,9.269089446658672,9.269089446658672,7.855126090597054,8.671787355471666
REFRIGERATION,REFRIGERANT ,REFRIGERANT #22,0.0,2024-04-01,-2.236724672972866,-2.236724672972866,7.855126090597054,8.671787355471666
REFRIGERATION,REFRIGERANT ,REFRIGERANT #22,0.0,2024-05-01,2.020243101734013,2.020243101734013,7.855126090597054,8.671787355471666
REFRIGERATION,REFRIGERANT ,REFRIGERANT #22,0.0,2024-06-01,8.12573708919274,8.12573708919274,7.855126090597054,8.671787355471666
