CATEGORY,ARTICLE,DESCRIPTION,PREDICTED_DATE,PREDICTED_SALES,LAST_ACTUAL_SALES,GROWTH,MAE,RMSE
BUILDINGS,LUMBER,"LUMBER 2"" X 3"" X 12'/14' KD",2024-01-01,68.3,20.0,48.3,41.259166666666665,73.39305513239428
BUILDINGS,LUMBER,"LUMBER 2"" X 3"" X 12'/14' KD",2024-02-01,144.2,20.0,124.19999999999999,41.259166666666665,73.39305513239428
BUILDINGS,LUMBER,"LUMBER 2"" X 3"" X 12'/14' KD",2024-03-01,102.7,20.0,82.7,41.259166666666665,73.39305513239428
BUILDINGS,LUMBER,"LUMBER 2"" X 3"" X 12'/14' KD",2024-04-01,60.64,20.0,40.64,41.259166666666665,73.39305513239428
BUILDINGS,LUMBER,"LUMBER 2"" X 3"" X 12'/14' KD",2024-05-01,112.76,20.0,92.76,41.259166666666665,73.39305513239428
BUILDINGS,LUMBER,"LUMBER 2"" X 3"" X 12'/14' KD",2024-06-01,51.3,20.0,31.299999999999997,41.259166666666665,73.39305513239428
BUILDINGS,LUMBER,"LUMBER 2"" X 3"" X 12'/14' KD",2024-07-01,116.09,20.0,96.09,41.259166666666665,73.39305513239428
BUILDINGS,LUMBER,"LUMBER 2"" X 3"" X 12'/14' KD",2024-08-01,43.57,20.0,23.57,41.259166666666665,73.39305513239428
BUILDINGS,LUMBER,"LUMBER 2"" X 3"" X 12'/14' KD",2024-09-01,74.78,20.0,54.78,41.259166666666665,73.39305513239428
BUILDINGS,LUMBER,"LUMBER 2"" X 3"" X 12'/14' KD",2024-10-01,14.71,20.0,-5.289999999999999,41.259166666666665,73.39305513239428
BUILDINGS,LUMBER,"LUMBER 2"" X 3"" X 12'/14' KD",2024-11-01,19.33,20.0,-0.6700000000000017,41.259166666666665,73.39305513239428
BUILDINGS,LUMBER,"LUMBER 2"" X 3"" X 12'/14' KD",2024-12-01,86.45,20.0,66.45,41.259166666666665,73.39305513239428
BUILDINGS,LUMBER,"LUMBER 2"" X 4"" X 14' KD",2024-01-01,68.3,20.0,48.3,41.259166666666665,73.39305513239428
BUILDINGS,LUMBER,"LUMBER 2"" X 4"" X 14' KD",2024-02-01,144.2,20.0,124.19999999999999,41.259166666666665,73.39305513239428
BUILDINGS,LUMBER,"LUMBER 2"" X 4"" X 14' KD",2024-03-01,102.7,20.0,82.7,41.259166666666665,73.39305513239428
BUILDINGS,LUMBER,"LUMBER 2"" X 4"" X 14' KD",2024-04-01,60.64,20.0,40.64,41.259166666666665,73.39305513239428
BUILDINGS,LUMBER,"LUMBER 2"" X 4"" X 14' KD",2024-05-01,112.76,20.0,92.76,41.259166666666665,73.39305513239428
BUILDINGS,LUMBER,"LUMBER 2"" X 4"" X 14' KD",2024-06-01,51.3,20.0,31.299999999999997,41.259166666666665,73.39305513239428
BUILDINGS,LUMBER,"LUMBER 2"" X 4"" X 14' KD",2024-07-01,116.09,20.0,96.09,41.259166666666665,73.39305513239428
BUILDINGS,LUMBER,"LUMBER 2"" X 4"" X 14' KD",2024-08-01,43.57,20.0,23.57,41.259166666666665,73.39305513239428
BUILDINGS,LUMBER,"LUMBER 2"" X 4"" X 14' KD",2024-09-01,74.78,20.0,54.78,41.259166666666665,73.39305513239428
BUILDINGS,LUMBER,"LUMBER 2"" X 4"" X 14' KD",2024-10-01,14.71,20.0,-5.289999999999999,41.259166666666665,73.39305513239428
BUILDINGS,LUMBER,"LUMBER 2"" X 4"" X 14' KD",2024-11-01,19.33,20.0,-0.6700000000000017,41.259166666666665,73.39305513239428
BUILDINGS,LUMBER,"LUMBER 2"" X 4"" X 14' KD",2024-12-01,86.45,20.0,66.45,41.259166666666665,73.39305513239428
BUILDINGS,PLYWOOD,"PLYWOOD 1/4""",2024-01-01,50.92,0.0,50.92,50.155,55.64615695026327
BUILDINGS,PLYWOOD,"PLYWOOD 1/4""",2024-02-01,77.83,0.0,77.83,50.155,55.64615695026327
BUILDINGS,PLYWOOD,"PLYWOOD 1/4""",2024-03-01,65.97,0.0,65.97,50.155,55.64615695026327
BUILDINGS,PLYWOOD,"PLYWOOD 1/4""",2024-04-01,44.98,0.0,44.98,50.155,55.64615695026327
BUILDINGS,PLYWOOD,"PLYWOOD 1/4""",2024-05-01,96.5,0.0,96.5,50.155,55.64615695026327
BUILDINGS,PLYWOOD,"PLYWOOD 1/4""",2024-06-01,67.52,0.0,67.52,50.155,55.64615695026327
BUILDINGS,PLYWOOD,"PLYWOOD 1/4""",2024-07-01,111.65,0.0,111.65,50.155,55.64615695026327
BUILDINGS,PLYWOOD,"PLYWOOD 1/4""",2024-08-01,53.0,0.0,53.0,50.155,55.64615695026327
BUILDINGS,PLYWOOD,"PLYWOOD 1/4""",2024-09-01,47.59,0.0,47.59,50.155,55.64615695026327
BUILDINGS,PLYWOOD,"PLYWOOD 1/4""",2024-10-01,39.88,0.0,39.88,50.155,55.64615695026327
BUILDINGS,PLYWOOD,"PLYWOOD 1/4""",2024-11-01,53.78,0.0,53.78,50.155,55.64615695026327
BUILDINGS,PLYWOOD,"PLYWOOD 1/4""",2024-12-01,56.07,0.0,56.07,50.155,55.64615695026327
BUILDINGS,PLYWOOD,"PLYWOOD 3/4""",2024-01-01,8.18,2.0,6.18,9.795,11.197087418907948
BUILDINGS,PLYWOOD,"PLYWOOD 3/4""",2024-02-01,19.27,2.0,17.27,9.795,11.197087418907948
BUILDINGS,PLYWOOD,"PLYWOOD 3/4""",2024-03-01,7.1,2.0,5.1,9.795,11.197087418907948
BUILDINGS,PLYWOOD,"PLYWOOD 3/4""",2024-04-01,9.61,2.0,7.609999999999999,9.795,11.197087418907948
BUILDINGS,PLYWOOD,"PLYWOOD 3/4""",2024-05-01,6.77,2.0,4.77,9.795,11.197087418907948
BUILDINGS,PLYWOOD,"PLYWOOD 3/4""",2024-06-01,5.94,2.0,3.9400000000000004,9.795,11.197087418907948
BUILDINGS,PLYWOOD,"PLYWOOD 3/4""",2024-07-01,7.99,2.0,5.99,9.795,11.197087418907948
BUILDINGS,PLYWOOD,"PLYWOOD 3/4""",2024-08-01,9.9,2.0,7.9,9.795,11.197087418907948
BUILDINGS,PLYWOOD,"PLYWOOD 3/4""",2024-09-01,13.62,2.0,11.62,9.795,11.197087418907948
BUILDINGS,PLYWOOD,"PLYWOOD 3/4""",2024-10-01,9.0,2.0,7.0,9.795,11.197087418907948
BUILDINGS,PLYWOOD,"PLYWOOD 3/4""",2024-11-01,14.52,2.0,12.52,9.795,11.197087418907948
BUILDINGS,PLYWOOD,"PLYWOOD 3/4""",2024-12-01,4.45,2.0,2.45,9.795,11.197087418907948
BUILDINGS,SCREEN MATTING,SCREEN MATTING,2024-01-01,0.0,0.0,0.0,1.5833333333333333,4.9413223601245315
BUILDINGS,SCREEN MATTING,SCREEN MATTING,2024-02-01,0.0,0.0,0.0,1.5833333333333333,4.9413223601245315
BUILDINGS,SCREEN MATTING,SCREEN MATTING,2024-03-01,0.0,0.0,0.0,1.5833333333333333,4.9413223601245315
BUILDINGS,SCREEN MATTING,SCREEN MATTING,2024-04-01,0.0,0.0,0.0,1.5833333333333333,4.9413223601245315
BUILDINGS,SCREEN MATTING,SCREEN MATTING,2024-05-01,1.29,0.0,1.29,1.5833333333333333,4.9413223601245315
BUILDINGS,SCREEN MATTING,SCREEN MATTING,2024-06-01,0.0,0.0,0.0,1.5833333333333333,4.9413223601245315
BUILDINGS,SCREEN MATTING,SCREEN MATTING,2024-07-01,0.0,0.0,0.0,1.5833333333333333,4.9413223601245315
BUILDINGS,SCREEN MATTING,SCREEN MATTING,2024-08-01,1.17,0.0,1.17,1.5833333333333333,4.9413223601245315
BUILDINGS,SCREEN MATTING,SCREEN MATTING,2024-09-01,0.0,0.0,0.0,1.5833333333333333,4.9413223601245315
BUILDINGS,SCREEN MATTING,SCREEN MATTING,2024-10-01,0.0,0.0,0.0,1.5833333333333333,4.9413223601245315
BUILDINGS,SCREEN MATTING,SCREEN MATTING,2024-11-01,0.0,0.0,0.0,1.5833333333333333,4.9413223601245315
BUILDINGS,SCREEN MATTING,SCREEN MATTING,2024-12-01,0.0,0.0,0.0,1.5833333333333333,4.9413223601245315
CUSTODIAL,BROOM ,BROOM (WALIS TAMBO),2024-01-01,1.19,2.0,-0.81,2.3658333333333332,3.459435165842347
CUSTODIAL,BROOM ,BROOM (WALIS TAMBO),2024-02-01,1.34,2.0,-0.6599999999999999,2.3658333333333332,3.459435165842347
CUSTODIAL,BROOM ,BROOM (WALIS TAMBO),2024-03-01,1.94,2.0,-0.06000000000000005,2.3658333333333332,3.459435165842347
CUSTODIAL,BROOM ,BROOM (WALIS TAMBO),2024-04-01,1.22,2.0,-0.78,2.3658333333333332,3.459435165842347
CUSTODIAL,BROOM ,BROOM (WALIS TAMBO),2024-05-01,0.62,2.0,-1.38,2.3658333333333332,3.459435165842347
CUSTODIAL,BROOM ,BROOM (WALIS TAMBO),2024-06-01,1.26,2.0,-0.74,2.3658333333333332,3.459435165842347
CUSTODIAL,BROOM ,BROOM (WALIS TAMBO),2024-07-01,1.88,2.0,-0.1200000000000001,2.3658333333333332,3.459435165842347
CUSTODIAL,BROOM ,BROOM (WALIS TAMBO),2024-08-01,1.84,2.0,-0.15999999999999992,2.3658333333333332,3.459435165842347
CUSTODIAL,BROOM ,BROOM (WALIS TAMBO),2024-09-01,1.84,2.0,-0.15999999999999992,2.3658333333333332,3.459435165842347
CUSTODIAL,BROOM ,BROOM (WALIS TAMBO),2024-10-01,1.38,2.0,-0.6200000000000001,2.3658333333333332,3.459435165842347
CUSTODIAL,BROOM ,BROOM (WALIS TAMBO),2024-11-01,0.6,2.0,-1.4,2.3658333333333332,3.459435165842347
CUSTODIAL,BROOM ,BROOM (WALIS TAMBO),2024-12-01,0.2,2.0,-1.8,2.3658333333333332,3.459435165842347
CUSTODIAL,DISENFECTANT SPRAY,DISENFECTANT SPRAY Citrus Scent (340g),2024-01-01,2.47,3.0,-0.5299999999999998,1.611736111111111,1.8468791400279472
CUSTODIAL,DISENFECTANT SPRAY,DISENFECTANT SPRAY Citrus Scent (340g),2024-02-01,3.126666666666667,3.0,0.12666666666666693,1.611736111111111,1.8468791400279472
CUSTODIAL,DISENFECTANT SPRAY,DISENFECTANT SPRAY Citrus Scent (340g),2024-03-01,0.98,3.0,-2.02,1.611736111111111,1.8468791400279472
CUSTODIAL,DISENFECTANT SPRAY,DISENFECTANT SPRAY Citrus Scent (340g),2024-04-01,1.39,3.0,-1.61,1.611736111111111,1.8468791400279472
CUSTODIAL,DISENFECTANT SPRAY,DISENFECTANT SPRAY Citrus Scent (340g),2024-05-01,0.89,3.0,-2.11,1.611736111111111,1.8468791400279472
CUSTODIAL,DISENFECTANT SPRAY,DISENFECTANT SPRAY Citrus Scent (340g),2024-06-01,0.96,3.0,-2.04,1.611736111111111,1.8468791400279472
CUSTODIAL,DISENFECTANT SPRAY,DISENFECTANT SPRAY Citrus Scent (340g),2024-07-01,1.68,3.0,-1.32,1.611736111111111,1.8468791400279472
CUSTODIAL,DISENFECTANT SPRAY,DISENFECTANT SPRAY Citrus Scent (340g),2024-08-01,1.06,3.0,-1.94,1.611736111111111,1.8468791400279472
CUSTODIAL,DISENFECTANT SPRAY,DISENFECTANT SPRAY Citrus Scent (340g),2024-09-01,0.77,3.0,-2.23,1.611736111111111,1.8468791400279472
CUSTODIAL,DISENFECTANT SPRAY,DISENFECTANT SPRAY Citrus Scent (340g),2024-10-01,0.37,3.0,-2.63,1.611736111111111,1.8468791400279472
CUSTODIAL,DISENFECTANT SPRAY,DISENFECTANT SPRAY Citrus Scent (340g),2024-11-01,0.46,3.0,-2.54,1.611736111111111,1.8468791400279472
CUSTODIAL,DISENFECTANT SPRAY,DISENFECTANT SPRAY Citrus Scent (340g),2024-12-01,0.79,3.0,-2.21,1.611736111111111,1.8468791400279472
CUSTODIAL,DUTCH CLEANSER,DUTCH CLEANSER,2024-01-01,2.2,2.0,0.20000000000000018,1.3333333333333333,1.7086203011006669
CUSTODIAL,DUTCH CLEANSER,DUTCH CLEANSER,2024-02-01,2.1,2.0,0.10000000000000009,1.3333333333333333,1.7086203011006669
CUSTODIAL,DUTCH CLEANSER,DUTCH CLEANSER,2024-03-01,2.74,2.0,0.7400000000000002,1.3333333333333333,1.7086203011006669
CUSTODIAL,DUTCH CLEANSER,DUTCH CLEANSER,2024-04-01,2.19,2.0,0.18999999999999995,1.3333333333333333,1.7086203011006669
CUSTODIAL,DUTCH CLEANSER,DUTCH CLEANSER,2024-05-01,1.42,2.0,-0.5800000000000001,1.3333333333333333,1.7086203011006669
CUSTODIAL,DUTCH CLEANSER,DUTCH CLEANSER,2024-06-01,1.49,2.0,-0.51,1.3333333333333333,1.7086203011006669
CUSTODIAL,DUTCH CLEANSER,DUTCH CLEANSER,2024-07-01,0.44,2.0,-1.56,1.3333333333333333,1.7086203011006669
CUSTODIAL,DUTCH CLEANSER,DUTCH CLEANSER,2024-08-01,2.66,2.0,0.6600000000000001,1.3333333333333333,1.7086203011006669
CUSTODIAL,DUTCH CLEANSER,DUTCH CLEANSER,2024-09-01,0.6,2.0,-1.4,1.3333333333333333,1.7086203011006669
CUSTODIAL,DUTCH CLEANSER,DUTCH CLEANSER,2024-10-01,0.39,2.0,-1.6099999999999999,1.3333333333333333,1.7086203011006669
CUSTODIAL,DUTCH CLEANSER,DUTCH CLEANSER,2024-11-01,0.39,2.0,-1.6099999999999999,1.3333333333333333,1.7086203011006669
CUSTODIAL,DUTCH CLEANSER,DUTCH CLEANSER,2024-12-01,0.36,2.0,-1.6400000000000001,1.3333333333333333,1.7086203011006669
ELECTRICAL,CONVINIENCE OUTLET,2 GANG W/ GROUNDING PLATE PANASONIC DUPLEX,2024-01-01,10.05,0.0,10.05,17.70416666666667,24.764223354131932
ELECTRICAL,CONVINIENCE OUTLET,2 GANG W/ GROUNDING PLATE PANASONIC DUPLEX,2024-02-01,6.47,0.0,6.47,17.70416666666667,24.764223354131932
ELECTRICAL,CONVINIENCE OUTLET,2 GANG W/ GROUNDING PLATE PANASONIC DUPLEX,2024-03-01,23.01,0.0,23.01,17.70416666666667,24.764223354131932
ELECTRICAL,CONVINIENCE OUTLET,2 GANG W/ GROUNDING PLATE PANASONIC DUPLEX,2024-04-01,28.38,0.0,28.38,17.70416666666667,24.764223354131932
ELECTRICAL,CONVINIENCE OUTLET,2 GANG W/ GROUNDING PLATE PANASONIC DUPLEX,2024-05-01,12.08,0.0,12.08,17.70416666666667,24.764223354131932
ELECTRICAL,CONVINIENCE OUTLET,2 GANG W/ GROUNDING PLATE PANASONIC DUPLEX,2024-06-01,45.05,0.0,45.05,17.70416666666667,24.764223354131932
ELECTRICAL,CONVINIENCE OUTLET,2 GANG W/ GROUNDING PLATE PANASONIC DUPLEX,2024-07-01,7.79,0.0,7.79,17.70416666666667,24.764223354131932
ELECTRICAL,CONVINIENCE OUTLET,2 GANG W/ GROUNDING PLATE PANASONIC DUPLEX,2024-08-01,10.79,0.0,10.79,17.70416666666667,24.764223354131932
ELECTRICAL,CONVINIENCE OUTLET,2 GANG W/ GROUNDING PLATE PANASONIC DUPLEX,2024-09-01,43.1,0.0,43.1,17.70416666666667,24.764223354131932
ELECTRICAL,CONVINIENCE OUTLET,2 GANG W/ GROUNDING PLATE PANASONIC DUPLEX,2024-10-01,10.55,0.0,10.55,17.70416666666667,24.764223354131932
ELECTRICAL,CONVINIENCE OUTLET,2 GANG W/ GROUNDING PLATE PANASONIC DUPLEX,2024-11-01,36.01,0.0,36.01,17.70416666666667,24.764223354131932
ELECTRICAL,CONVINIENCE OUTLET,2 GANG W/ GROUNDING PLATE PANASONIC DUPLEX,2024-12-01,36.15,0.0,36.15,17.70416666666667,24.764223354131932
ELECTRICAL,FLOURESCENT TUBE,FLOURESCENT TUBE 40W,2024-01-01,21.78,0.0,21.78,20.430833333333336,21.79284343540328
ELECTRICAL,FLOURESCENT TUBE,FLOURESCENT TUBE 40W,2024-02-01,10.21,0.0,10.21,20.430833333333336,21.79284343540328
ELECTRICAL,FLOURESCENT TUBE,FLOURESCENT TUBE 40W,2024-03-01,13.43,0.0,13.43,20.430833333333336,21.79284343540328
ELECTRICAL,FLOURESCENT TUBE,FLOURESCENT TUBE 40W,2024-04-01,19.11,0.0,19.11,20.430833333333336,21.79284343540328
ELECTRICAL,FLOURESCENT TUBE,FLOURESCENT TUBE 40W,2024-05-01,19.34,0.0,19.34,20.430833333333336,21.79284343540328
ELECTRICAL,FLOURESCENT TUBE,FLOURESCENT TUBE 40W,2024-06-01,18.26,0.0,18.26,20.430833333333336,21.79284343540328
ELECTRICAL,FLOURESCENT TUBE,FLOURESCENT TUBE 40W,2024-07-01,22.69,0.0,22.69,20.430833333333336,21.79284343540328
ELECTRICAL,FLOURESCENT TUBE,FLOURESCENT TUBE 40W,2024-08-01,21.22,0.0,21.22,20.430833333333336,21.79284343540328
ELECTRICAL,FLOURESCENT TUBE,FLOURESCENT TUBE 40W,2024-09-01,21.7,0.0,21.7,20.430833333333336,21.79284343540328
ELECTRICAL,FLOURESCENT TUBE,FLOURESCENT TUBE 40W,2024-10-01,23.48,0.0,23.48,20.430833333333336,21.79284343540328
ELECTRICAL,FLOURESCENT TUBE,FLOURESCENT TUBE 40W,2024-11-01,21.77,0.0,21.77,20.430833333333336,21.79284343540328
ELECTRICAL,FLOURESCENT TUBE,FLOURESCENT TUBE 40W,2024-12-01,26.34,0.0,26.34,20.430833333333336,21.79284343540328
ELECTRICAL,HIGH SODIUM LAMP,HIGH SODIUM LAMP  250W,2024-01-01,0.0,0.0,0.0,1.389027777777778,3.446660790076658
ELECTRICAL,HIGH SODIUM LAMP,HIGH SODIUM LAMP  250W,2024-02-01,0.0,0.0,0.0,1.389027777777778,3.446660790076658
ELECTRICAL,HIGH SODIUM LAMP,HIGH SODIUM LAMP  250W,2024-03-01,0.0,0.0,0.0,1.389027777777778,3.446660790076658
ELECTRICAL,HIGH SODIUM LAMP,HIGH SODIUM LAMP  250W,2024-04-01,0.14666666666666667,0.0,0.14666666666666667,1.389027777777778,3.446660790076658
ELECTRICAL,HIGH SODIUM LAMP,HIGH SODIUM LAMP  250W,2024-05-01,6.5216666666666665,0.0,6.5216666666666665,1.389027777777778,3.446660790076658
ELECTRICAL,HIGH SODIUM LAMP,HIGH SODIUM LAMP  250W,2024-06-01,0.0,0.0,0.0,1.389027777777778,3.446660790076658
ELECTRICAL,HIGH SODIUM LAMP,HIGH SODIUM LAMP  250W,2024-07-01,0.0,0.0,0.0,1.389027777777778,3.446660790076658
ELECTRICAL,HIGH SODIUM LAMP,HIGH SODIUM LAMP  250W,2024-08-01,0.0,0.0,0.0,1.389027777777778,3.446660790076658
ELECTRICAL,HIGH SODIUM LAMP,HIGH SODIUM LAMP  250W,2024-09-01,0.0,0.0,0.0,1.389027777777778,3.446660790076658
ELECTRICAL,HIGH SODIUM LAMP,HIGH SODIUM LAMP  250W,2024-10-01,0.0,0.0,0.0,1.389027777777778,3.446660790076658
ELECTRICAL,HIGH SODIUM LAMP,HIGH SODIUM LAMP  250W,2024-11-01,0.0,0.0,0.0,1.389027777777778,3.446660790076658
ELECTRICAL,HIGH SODIUM LAMP,HIGH SODIUM LAMP  250W,2024-12-01,0.0,0.0,0.0,1.389027777777778,3.446660790076658
ELECTRICAL,PVC PIPE ,"PVC PIPE 1""",2024-01-01,22.08,0.0,22.08,8.348333333333334,10.917403537471717
ELECTRICAL,PVC PIPE ,"PVC PIPE 1""",2024-02-01,7.37,0.0,7.37,8.348333333333334,10.917403537471717
ELECTRICAL,PVC PIPE ,"PVC PIPE 1""",2024-03-01,1.88,0.0,1.88,8.348333333333334,10.917403537471717
ELECTRICAL,PVC PIPE ,"PVC PIPE 1""",2024-04-01,3.11,0.0,3.11,8.348333333333334,10.917403537471717
ELECTRICAL,PVC PIPE ,"PVC PIPE 1""",2024-05-01,5.46,0.0,5.46,8.348333333333334,10.917403537471717
ELECTRICAL,PVC PIPE ,"PVC PIPE 1""",2024-06-01,16.4,0.0,16.4,8.348333333333334,10.917403537471717
ELECTRICAL,PVC PIPE ,"PVC PIPE 1""",2024-07-01,4.23,0.0,4.23,8.348333333333334,10.917403537471717
ELECTRICAL,PVC PIPE ,"PVC PIPE 1""",2024-08-01,5.67,0.0,5.67,8.348333333333334,10.917403537471717
ELECTRICAL,PVC PIPE ,"PVC PIPE 1""",2024-09-01,6.11,0.0,6.11,8.348333333333334,10.917403537471717
ELECTRICAL,PVC PIPE ,"PVC PIPE 1""",2024-10-01,4.67,0.0,4.67,8.348333333333334,10.917403537471717
ELECTRICAL,PVC PIPE ,"PVC PIPE 1""",2024-11-01,6.96,0.0,6.96,8.348333333333334,10.917403537471717
ELECTRICAL,PVC PIPE ,"PVC PIPE 1""",2024-12-01,6.63,0.0,6.63,8.348333333333334,10.917403537471717
ELECTRICAL,TOX,PLASTIC TOX #8,2024-01-01,13.75,100.0,-86.25,34.49999999999999,47.57570283243328
ELECTRICAL,TOX,PLASTIC TOX #8,2024-02-01,28.7,100.0,-71.3,34.49999999999999,47.57570283243328
ELECTRICAL,TOX,PLASTIC TOX #8,2024-03-01,93.85,100.0,-6.150000000000006,34.49999999999999,47.57570283243328
ELECTRICAL,TOX,PLASTIC TOX #8,2024-04-01,55.35,100.0,-44.65,34.49999999999999,47.57570283243328
ELECTRICAL,TOX,PLASTIC TOX #8,2024-05-01,13.6,100.0,-86.4,34.49999999999999,47.57570283243328
ELECTRICAL,TOX,PLASTIC TOX #8,2024-06-01,11.1,100.0,-88.9,34.49999999999999,47.57570283243328
ELECTRICAL,TOX,PLASTIC TOX #8,2024-07-01,12.95,100.0,-87.05,34.49999999999999,47.57570283243328
ELECTRICAL,TOX,PLASTIC TOX #8,2024-08-01,15.7,100.0,-84.3,34.49999999999999,47.57570283243328
ELECTRICAL,TOX,PLASTIC TOX #8,2024-09-01,54.9,100.0,-45.1,34.49999999999999,47.57570283243328
ELECTRICAL,TOX,PLASTIC TOX #8,2024-10-01,42.4,100.0,-57.6,34.49999999999999,47.57570283243328
ELECTRICAL,TOX,PLASTIC TOX #8,2024-11-01,14.0,100.0,-86.0,34.49999999999999,47.57570283243328
ELECTRICAL,TOX,PLASTIC TOX #8,2024-12-01,6.85,100.0,-93.15,34.49999999999999,47.57570283243328
GROUNDS,TRASH LINER,"TRASH LINER (GARBAGE BAG 2XL), premium grade, 10 pcs/pack, transparent",2024-01-01,317.53,700.0,-382.47,347.8475,366.411120316601
GROUNDS,TRASH LINER,"TRASH LINER (GARBAGE BAG 2XL), premium grade, 10 pcs/pack, transparent",2024-02-01,282.12,700.0,-417.88,347.8475,366.411120316601
GROUNDS,TRASH LINER,"TRASH LINER (GARBAGE BAG 2XL), premium grade, 10 pcs/pack, transparent",2024-03-01,289.03,700.0,-410.97,347.8475,366.411120316601
GROUNDS,TRASH LINER,"TRASH LINER (GARBAGE BAG 2XL), premium grade, 10 pcs/pack, transparent",2024-04-01,307.43,700.0,-392.57,347.8475,366.411120316601
GROUNDS,TRASH LINER,"TRASH LINER (GARBAGE BAG 2XL), premium grade, 10 pcs/pack, transparent",2024-05-01,257.33,700.0,-442.67,347.8475,366.411120316601
GROUNDS,TRASH LINER,"TRASH LINER (GARBAGE BAG 2XL), premium grade, 10 pcs/pack, transparent",2024-06-01,297.32,700.0,-402.68,347.8475,366.411120316601
GROUNDS,TRASH LINER,"TRASH LINER (GARBAGE BAG 2XL), premium grade, 10 pcs/pack, transparent",2024-07-01,310.74,700.0,-389.26,347.8475,366.411120316601
GROUNDS,TRASH LINER,"TRASH LINER (GARBAGE BAG 2XL), premium grade, 10 pcs/pack, transparent",2024-08-01,275.24,700.0,-424.76,347.8475,366.411120316601
GROUNDS,TRASH LINER,"TRASH LINER (GARBAGE BAG 2XL), premium grade, 10 pcs/pack, transparent",2024-09-01,258.18,700.0,-441.82,347.8475,366.411120316601
GROUNDS,TRASH LINER,"TRASH LINER (GARBAGE BAG 2XL), premium grade, 10 pcs/pack, transparent",2024-10-01,286.88,700.0,-413.12,347.8475,366.411120316601
GROUNDS,TRASH LINER,"TRASH LINER (GARBAGE BAG 2XL), premium grade, 10 pcs/pack, transparent",2024-11-01,282.91,700.0,-417.09,347.8475,366.411120316601
GROUNDS,TRASH LINER,"TRASH LINER (GARBAGE BAG 2XL), premium grade, 10 pcs/pack, transparent",2024-12-01,256.15,700.0,-443.85,347.8475,366.411120316601
LANDSCAPING,CHAINSAW BLADE,"CHAINSAW BLADE 12""",2024-01-01,0.84,0.0,0.84,0.7016666666666667,0.836231626604336
LANDSCAPING,CHAINSAW BLADE,"CHAINSAW BLADE 12""",2024-02-01,0.18,0.0,0.18,0.7016666666666667,0.836231626604336
LANDSCAPING,CHAINSAW BLADE,"CHAINSAW BLADE 12""",2024-03-01,0.56,0.0,0.56,0.7016666666666667,0.836231626604336
LANDSCAPING,CHAINSAW BLADE,"CHAINSAW BLADE 12""",2024-04-01,0.35,0.0,0.35,0.7016666666666667,0.836231626604336
LANDSCAPING,CHAINSAW BLADE,"CHAINSAW BLADE 12""",2024-05-01,0.88,0.0,0.88,0.7016666666666667,0.836231626604336
LANDSCAPING,CHAINSAW BLADE,"CHAINSAW BLADE 12""",2024-06-01,0.12,0.0,0.12,0.7016666666666667,0.836231626604336
LANDSCAPING,CHAINSAW BLADE,"CHAINSAW BLADE 12""",2024-07-01,0.91,0.0,0.91,0.7016666666666667,0.836231626604336
LANDSCAPING,CHAINSAW BLADE,"CHAINSAW BLADE 12""",2024-08-01,0.11,0.0,0.11,0.7016666666666667,0.836231626604336
LANDSCAPING,CHAINSAW BLADE,"CHAINSAW BLADE 12""",2024-09-01,0.28,0.0,0.28,0.7016666666666667,0.836231626604336
LANDSCAPING,CHAINSAW BLADE,"CHAINSAW BLADE 12""",2024-10-01,0.1,0.0,0.1,0.7016666666666667,0.836231626604336
LANDSCAPING,CHAINSAW BLADE,"CHAINSAW BLADE 12""",2024-11-01,0.15,0.0,0.15,0.7016666666666667,0.836231626604336
LANDSCAPING,CHAINSAW BLADE,"CHAINSAW BLADE 12""",2024-12-01,0.1,0.0,0.1,0.7016666666666667,0.836231626604336
LANDSCAPING,CHAINSAW BLADE,"CHAINSAW BLADE 16""",2024-01-01,0.28,0.0,0.28,0.5016666666666666,0.6728422301451259
LANDSCAPING,CHAINSAW BLADE,"CHAINSAW BLADE 16""",2024-02-01,0.27,0.0,0.27,0.5016666666666666,0.6728422301451259
LANDSCAPING,CHAINSAW BLADE,"CHAINSAW BLADE 16""",2024-03-01,0.15,0.0,0.15,0.5016666666666666,0.6728422301451259
LANDSCAPING,CHAINSAW BLADE,"CHAINSAW BLADE 16""",2024-04-01,0.03,0.0,0.03,0.5016666666666666,0.6728422301451259
LANDSCAPING,CHAINSAW BLADE,"CHAINSAW BLADE 16""",2024-05-01,0.15,0.0,0.15,0.5016666666666666,0.6728422301451259
LANDSCAPING,CHAINSAW BLADE,"CHAINSAW BLADE 16""",2024-06-01,0.04,0.0,0.04,0.5016666666666666,0.6728422301451259
LANDSCAPING,CHAINSAW BLADE,"CHAINSAW BLADE 16""",2024-07-01,0.59,0.0,0.59,0.5016666666666666,0.6728422301451259
LANDSCAPING,CHAINSAW BLADE,"CHAINSAW BLADE 16""",2024-08-01,0.14,0.0,0.14,0.5016666666666666,0.6728422301451259
LANDSCAPING,CHAINSAW BLADE,"CHAINSAW BLADE 16""",2024-09-01,0.27,0.0,0.27,0.5016666666666666,0.6728422301451259
LANDSCAPING,CHAINSAW BLADE,"CHAINSAW BLADE 16""",2024-10-01,0.54,0.0,0.54,0.5016666666666666,0.6728422301451259
LANDSCAPING,CHAINSAW BLADE,"CHAINSAW BLADE 16""",2024-11-01,1.19,0.0,1.19,0.5016666666666666,0.6728422301451259
LANDSCAPING,CHAINSAW BLADE,"CHAINSAW BLADE 16""",2024-12-01,0.35,0.0,0.35,0.5016666666666666,0.6728422301451259
LANDSCAPING,GUIDE BAR,"GUIDE BAR 36""",2024-01-01,0.0,0.0,0.0,0.24174603174603174,0.4451322564340457
LANDSCAPING,GUIDE BAR,"GUIDE BAR 36""",2024-02-01,0.0,0.0,0.0,0.24174603174603174,0.4451322564340457
LANDSCAPING,GUIDE BAR,"GUIDE BAR 36""",2024-03-01,0.0,0.0,0.0,0.24174603174603174,0.4451322564340457
LANDSCAPING,GUIDE BAR,"GUIDE BAR 36""",2024-04-01,0.10933333333333334,0.0,0.10933333333333334,0.24174603174603174,0.4451322564340457
LANDSCAPING,GUIDE BAR,"GUIDE BAR 36""",2024-05-01,0.029999999999999995,0.0,0.029999999999999995,0.24174603174603174,0.4451322564340457
LANDSCAPING,GUIDE BAR,"GUIDE BAR 36""",2024-06-01,0.47028571428571425,0.0,0.47028571428571425,0.24174603174603174,0.4451322564340457
LANDSCAPING,GUIDE BAR,"GUIDE BAR 36""",2024-07-01,0.02,0.0,0.02,0.24174603174603174,0.4451322564340457
LANDSCAPING,GUIDE BAR,"GUIDE BAR 36""",2024-08-01,0.0,0.0,0.0,0.24174603174603174,0.4451322564340457
LANDSCAPING,GUIDE BAR,"GUIDE BAR 36""",2024-09-01,0.0,0.0,0.0,0.24174603174603174,0.4451322564340457
LANDSCAPING,GUIDE BAR,"GUIDE BAR 36""",2024-10-01,0.0,0.0,0.0,0.24174603174603174,0.4451322564340457
LANDSCAPING,GUIDE BAR,"GUIDE BAR 36""",2024-11-01,0.0,0.0,0.0,0.24174603174603174,0.4451322564340457
LANDSCAPING,GUIDE BAR,"GUIDE BAR 36""",2024-12-01,0.0,0.0,0.0,0.24174603174603174,0.4451322564340457
LANDSCAPING,ROUND FILE,"ROUND FILE 16""",2024-01-01,0.99,0.0,0.99,1.1216666666666666,2.112620805224323
LANDSCAPING,ROUND FILE,"ROUND FILE 16""",2024-02-01,0.33,0.0,0.33,1.1216666666666666,2.112620805224323
LANDSCAPING,ROUND FILE,"ROUND FILE 16""",2024-03-01,0.45,0.0,0.45,1.1216666666666666,2.112620805224323
LANDSCAPING,ROUND FILE,"ROUND FILE 16""",2024-04-01,0.13,0.0,0.13,1.1216666666666666,2.112620805224323
LANDSCAPING,ROUND FILE,"ROUND FILE 16""",2024-05-01,1.3,0.0,1.3,1.1216666666666666,2.112620805224323
LANDSCAPING,ROUND FILE,"ROUND FILE 16""",2024-06-01,0.04,0.0,0.04,1.1216666666666666,2.112620805224323
LANDSCAPING,ROUND FILE,"ROUND FILE 16""",2024-07-01,0.17,0.0,0.17,1.1216666666666666,2.112620805224323
LANDSCAPING,ROUND FILE,"ROUND FILE 16""",2024-08-01,0.1,0.0,0.1,1.1216666666666666,2.112620805224323
LANDSCAPING,ROUND FILE,"ROUND FILE 16""",2024-09-01,1.47,0.0,1.47,1.1216666666666666,2.112620805224323
LANDSCAPING,ROUND FILE,"ROUND FILE 16""",2024-10-01,0.0,0.0,0.0,1.1216666666666666,2.112620805224323
LANDSCAPING,ROUND FILE,"ROUND FILE 16""",2024-11-01,0.25,0.0,0.25,1.1216666666666666,2.112620805224323
LANDSCAPING,ROUND FILE,"ROUND FILE 16""",2024-12-01,0.05,0.0,0.05,1.1216666666666666,2.112620805224323
LANDSCAPING,ROUND FILE,"ROUND FILE 24""",2024-01-01,4.49,0.0,4.49,1.405,1.7981286568726573
LANDSCAPING,ROUND FILE,"ROUND FILE 24""",2024-02-01,4.14,0.0,4.14,1.405,1.7981286568726573
LANDSCAPING,ROUND FILE,"ROUND FILE 24""",2024-03-01,1.11,0.0,1.11,1.405,1.7981286568726573
LANDSCAPING,ROUND FILE,"ROUND FILE 24""",2024-04-01,0.68,0.0,0.68,1.405,1.7981286568726573
LANDSCAPING,ROUND FILE,"ROUND FILE 24""",2024-05-01,2.86,0.0,2.86,1.405,1.7981286568726573
LANDSCAPING,ROUND FILE,"ROUND FILE 24""",2024-06-01,2.88,0.0,2.88,1.405,1.7981286568726573
LANDSCAPING,ROUND FILE,"ROUND FILE 24""",2024-07-01,0.6,0.0,0.6,1.405,1.7981286568726573
LANDSCAPING,ROUND FILE,"ROUND FILE 24""",2024-08-01,0.99,0.0,0.99,1.405,1.7981286568726573
LANDSCAPING,ROUND FILE,"ROUND FILE 24""",2024-09-01,1.03,0.0,1.03,1.405,1.7981286568726573
LANDSCAPING,ROUND FILE,"ROUND FILE 24""",2024-10-01,1.21,0.0,1.21,1.405,1.7981286568726573
LANDSCAPING,ROUND FILE,"ROUND FILE 24""",2024-11-01,0.3,0.0,0.3,1.405,1.7981286568726573
LANDSCAPING,ROUND FILE,"ROUND FILE 24""",2024-12-01,0.3,0.0,0.3,1.405,1.7981286568726573
MOTORPOOL,AUTOMOTIVE BELT,AUTOMOTIVE BELT 3610 x 1525 A-60,2024-01-01,0.0,52.0,-52.0,4.333333333333333,15.01110699893027
MOTORPOOL,AUTOMOTIVE BELT,AUTOMOTIVE BELT 3610 x 1525 A-60,2024-02-01,0.0,52.0,-52.0,4.333333333333333,15.01110699893027
MOTORPOOL,AUTOMOTIVE BELT,AUTOMOTIVE BELT 3610 x 1525 A-60,2024-03-01,0.0,52.0,-52.0,4.333333333333333,15.01110699893027
MOTORPOOL,AUTOMOTIVE BELT,AUTOMOTIVE BELT 3610 x 1525 A-60,2024-04-01,0.0,52.0,-52.0,4.333333333333333,15.01110699893027
MOTORPOOL,AUTOMOTIVE BELT,AUTOMOTIVE BELT 3610 x 1525 A-60,2024-05-01,0.0,52.0,-52.0,4.333333333333333,15.01110699893027
MOTORPOOL,AUTOMOTIVE BELT,AUTOMOTIVE BELT 3610 x 1525 A-60,2024-06-01,0.0,52.0,-52.0,4.333333333333333,15.01110699893027
MOTORPOOL,AUTOMOTIVE BELT,AUTOMOTIVE BELT 3610 x 1525 A-60,2024-07-01,0.0,52.0,-52.0,4.333333333333333,15.01110699893027
MOTORPOOL,AUTOMOTIVE BELT,AUTOMOTIVE BELT 3610 x 1525 A-60,2024-08-01,0.0,52.0,-52.0,4.333333333333333,15.01110699893027
MOTORPOOL,AUTOMOTIVE BELT,AUTOMOTIVE BELT 3610 x 1525 A-60,2024-09-01,0.0,52.0,-52.0,4.333333333333333,15.01110699893027
MOTORPOOL,AUTOMOTIVE BELT,AUTOMOTIVE BELT 3610 x 1525 A-60,2024-10-01,0.0,52.0,-52.0,4.333333333333333,15.01110699893027
MOTORPOOL,AUTOMOTIVE BELT,AUTOMOTIVE BELT 3610 x 1525 A-60,2024-11-01,0.0,52.0,-52.0,4.333333333333333,15.01110699893027
MOTORPOOL,AUTOMOTIVE BELT,AUTOMOTIVE BELT 3610 x 1525 A-60,2024-12-01,0.0,52.0,-52.0,4.333333333333333,15.01110699893027
MOTORPOOL,DIESEL ENGINE OIL,DIESEL ENGINE OIL  SAE 40,2024-01-01,17.79,0.0,17.79,8.079166666666667,11.733050541099702
MOTORPOOL,DIESEL ENGINE OIL,DIESEL ENGINE OIL  SAE 40,2024-02-01,12.2,0.0,12.2,8.079166666666667,11.733050541099702
MOTORPOOL,DIESEL ENGINE OIL,DIESEL ENGINE OIL  SAE 40,2024-03-01,11.59,0.0,11.59,8.079166666666667,11.733050541099702
MOTORPOOL,DIESEL ENGINE OIL,DIESEL ENGINE OIL  SAE 40,2024-04-01,17.36,0.0,17.36,8.079166666666667,11.733050541099702
MOTORPOOL,DIESEL ENGINE OIL,DIESEL ENGINE OIL  SAE 40,2024-05-01,14.44,0.0,14.44,8.079166666666667,11.733050541099702
MOTORPOOL,DIESEL ENGINE OIL,DIESEL ENGINE OIL  SAE 40,2024-06-01,12.31,0.0,12.31,8.079166666666667,11.733050541099702
MOTORPOOL,DIESEL ENGINE OIL,DIESEL ENGINE OIL  SAE 40,2024-07-01,14.09,0.0,14.09,8.079166666666667,11.733050541099702
MOTORPOOL,DIESEL ENGINE OIL,DIESEL ENGINE OIL  SAE 40,2024-08-01,17.39,0.0,17.39,8.079166666666667,11.733050541099702
MOTORPOOL,DIESEL ENGINE OIL,DIESEL ENGINE OIL  SAE 40,2024-09-01,12.89,0.0,12.89,8.079166666666667,11.733050541099702
MOTORPOOL,DIESEL ENGINE OIL,DIESEL ENGINE OIL  SAE 40,2024-10-01,14.68,0.0,14.68,8.079166666666667,11.733050541099702
MOTORPOOL,DIESEL ENGINE OIL,DIESEL ENGINE OIL  SAE 40,2024-11-01,17.6,0.0,17.6,8.079166666666667,11.733050541099702
MOTORPOOL,DIESEL ENGINE OIL,DIESEL ENGINE OIL  SAE 40,2024-12-01,15.73,0.0,15.73,8.079166666666667,11.733050541099702
MOTORPOOL,GASOLINE ENGINE OIL,GASOLINE ENGINE OIL ,2024-01-01,12.36,11.0,1.3599999999999994,5.759166666666666,6.261428883782572
MOTORPOOL,GASOLINE ENGINE OIL,GASOLINE ENGINE OIL ,2024-02-01,17.75,11.0,6.75,5.759166666666666,6.261428883782572
MOTORPOOL,GASOLINE ENGINE OIL,GASOLINE ENGINE OIL ,2024-03-01,13.08,11.0,2.08,5.759166666666666,6.261428883782572
MOTORPOOL,GASOLINE ENGINE OIL,GASOLINE ENGINE OIL ,2024-04-01,15.06,11.0,4.0600000000000005,5.759166666666666,6.261428883782572
MOTORPOOL,GASOLINE ENGINE OIL,GASOLINE ENGINE OIL ,2024-05-01,10.15,11.0,-0.8499999999999996,5.759166666666666,6.261428883782572
MOTORPOOL,GASOLINE ENGINE OIL,GASOLINE ENGINE OIL ,2024-06-01,15.73,11.0,4.73,5.759166666666666,6.261428883782572
MOTORPOOL,GASOLINE ENGINE OIL,GASOLINE ENGINE OIL ,2024-07-01,12.29,11.0,1.2899999999999991,5.759166666666666,6.261428883782572
MOTORPOOL,GASOLINE ENGINE OIL,GASOLINE ENGINE OIL ,2024-08-01,15.09,11.0,4.09,5.759166666666666,6.261428883782572
MOTORPOOL,GASOLINE ENGINE OIL,GASOLINE ENGINE OIL ,2024-09-01,11.12,11.0,0.11999999999999922,5.759166666666666,6.261428883782572
MOTORPOOL,GASOLINE ENGINE OIL,GASOLINE ENGINE OIL ,2024-10-01,15.81,11.0,4.8100000000000005,5.759166666666666,6.261428883782572
MOTORPOOL,GASOLINE ENGINE OIL,GASOLINE ENGINE OIL ,2024-11-01,9.41,11.0,-1.5899999999999999,5.759166666666666,6.261428883782572
MOTORPOOL,GASOLINE ENGINE OIL,GASOLINE ENGINE OIL ,2024-12-01,14.89,11.0,3.8900000000000006,5.759166666666666,6.261428883782572
MOTORPOOL,OIL FILTER ,OIL FILTER (DAIWA) DC-518/526,2024-01-01,0.0,34.0,-34.0,2.8557698412698413,9.815240294180366
MOTORPOOL,OIL FILTER ,OIL FILTER (DAIWA) DC-518/526,2024-02-01,0.25923809523809516,34.0,-33.740761904761904,2.8557698412698413,9.815240294180366
MOTORPOOL,OIL FILTER ,OIL FILTER (DAIWA) DC-518/526,2024-03-01,0.01,34.0,-33.99,2.8557698412698413,9.815240294180366
MOTORPOOL,OIL FILTER ,OIL FILTER (DAIWA) DC-518/526,2024-04-01,0.0,34.0,-34.0,2.8557698412698413,9.815240294180366
MOTORPOOL,OIL FILTER ,OIL FILTER (DAIWA) DC-518/526,2024-05-01,0.0,34.0,-34.0,2.8557698412698413,9.815240294180366
MOTORPOOL,OIL FILTER ,OIL FILTER (DAIWA) DC-518/526,2024-06-01,0.0,34.0,-34.0,2.8557698412698413,9.815240294180366
MOTORPOOL,OIL FILTER ,OIL FILTER (DAIWA) DC-518/526,2024-07-01,0.0,34.0,-34.0,2.8557698412698413,9.815240294180366
MOTORPOOL,OIL FILTER ,OIL FILTER (DAIWA) DC-518/526,2024-08-01,0.0,34.0,-34.0,2.8557698412698413,9.815240294180366
MOTORPOOL,OIL FILTER ,OIL FILTER (DAIWA) DC-518/526,2024-09-01,0.0,34.0,-34.0,2.8557698412698413,9.815240294180366
MOTORPOOL,OIL FILTER ,OIL FILTER (DAIWA) DC-518/526,2024-10-01,0.0,34.0,-34.0,2.8557698412698413,9.815240294180366
MOTORPOOL,OIL FILTER ,OIL FILTER (DAIWA) DC-518/526,2024-11-01,0.0,34.0,-34.0,2.8557698412698413,9.815240294180366
MOTORPOOL,OIL FILTER ,OIL FILTER (DAIWA) DC-518/526,2024-12-01,0.0,34.0,-34.0,2.8557698412698413,9.815240294180366
MOTORPOOL,OIL FILTER ,OIL FILTER (SAKURA) C-1712,2024-01-01,0.0,32.0,-32.0,2.75,9.242113755341181
MOTORPOOL,OIL FILTER ,OIL FILTER (SAKURA) C-1712,2024-02-01,0.0,32.0,-32.0,2.75,9.242113755341181
MOTORPOOL,OIL FILTER ,OIL FILTER (SAKURA) C-1712,2024-03-01,0.0,32.0,-32.0,2.75,9.242113755341181
MOTORPOOL,OIL FILTER ,OIL FILTER (SAKURA) C-1712,2024-04-01,0.0,32.0,-32.0,2.75,9.242113755341181
MOTORPOOL,OIL FILTER ,OIL FILTER (SAKURA) C-1712,2024-05-01,0.0,32.0,-32.0,2.75,9.242113755341181
MOTORPOOL,OIL FILTER ,OIL FILTER (SAKURA) C-1712,2024-06-01,0.0,32.0,-32.0,2.75,9.242113755341181
MOTORPOOL,OIL FILTER ,OIL FILTER (SAKURA) C-1712,2024-07-01,0.0,32.0,-32.0,2.75,9.242113755341181
MOTORPOOL,OIL FILTER ,OIL FILTER (SAKURA) C-1712,2024-08-01,0.0,32.0,-32.0,2.75,9.242113755341181
MOTORPOOL,OIL FILTER ,OIL FILTER (SAKURA) C-1712,2024-09-01,0.0,32.0,-32.0,2.75,9.242113755341181
MOTORPOOL,OIL FILTER ,OIL FILTER (SAKURA) C-1712,2024-10-01,0.0,32.0,-32.0,2.75,9.242113755341181
MOTORPOOL,OIL FILTER ,OIL FILTER (SAKURA) C-1712,2024-11-01,0.0,32.0,-32.0,2.75,9.242113755341181
MOTORPOOL,OIL FILTER ,OIL FILTER (SAKURA) C-1712,2024-12-01,0.0,32.0,-32.0,2.75,9.242113755341181
OFFICE,ALCOHOL,ALCOHOL ISOPROPYL 70% 500ml,2024-01-01,35.48,0.0,35.48,17.86,27.311091763848136
OFFICE,ALCOHOL,ALCOHOL ISOPROPYL 70% 500ml,2024-02-01,13.49,0.0,13.49,17.86,27.311091763848136
OFFICE,ALCOHOL,ALCOHOL ISOPROPYL 70% 500ml,2024-03-01,6.87,0.0,6.87,17.86,27.311091763848136
OFFICE,ALCOHOL,ALCOHOL ISOPROPYL 70% 500ml,2024-04-01,11.38,0.0,11.38,17.86,27.311091763848136
OFFICE,ALCOHOL,ALCOHOL ISOPROPYL 70% 500ml,2024-05-01,31.37,0.0,31.37,17.86,27.311091763848136
OFFICE,ALCOHOL,ALCOHOL ISOPROPYL 70% 500ml,2024-06-01,13.9,0.0,13.9,17.86,27.311091763848136
OFFICE,ALCOHOL,ALCOHOL ISOPROPYL 70% 500ml,2024-07-01,9.51,0.0,9.51,17.86,27.311091763848136
OFFICE,ALCOHOL,ALCOHOL ISOPROPYL 70% 500ml,2024-08-01,10.68,0.0,10.68,17.86,27.311091763848136
OFFICE,ALCOHOL,ALCOHOL ISOPROPYL 70% 500ml,2024-09-01,10.71,0.0,10.71,17.86,27.311091763848136
OFFICE,ALCOHOL,ALCOHOL ISOPROPYL 70% 500ml,2024-10-01,10.64,0.0,10.64,17.86,27.311091763848136
OFFICE,ALCOHOL,ALCOHOL ISOPROPYL 70% 500ml,2024-11-01,22.61,0.0,22.61,17.86,27.311091763848136
OFFICE,ALCOHOL,ALCOHOL ISOPROPYL 70% 500ml,2024-12-01,14.86,0.0,14.86,17.86,27.311091763848136
OFFICE,BOND PAPER,A3  COPY PAPER,2024-01-01,1.14,3.0,-1.86,5.745,7.412133071300505
OFFICE,BOND PAPER,A3  COPY PAPER,2024-02-01,17.13,3.0,14.129999999999999,5.745,7.412133071300505
OFFICE,BOND PAPER,A3  COPY PAPER,2024-03-01,20.82,3.0,17.82,5.745,7.412133071300505
OFFICE,BOND PAPER,A3  COPY PAPER,2024-04-01,10.2,3.0,7.199999999999999,5.745,7.412133071300505
OFFICE,BOND PAPER,A3  COPY PAPER,2024-05-01,8.02,3.0,5.02,5.745,7.412133071300505
OFFICE,BOND PAPER,A3  COPY PAPER,2024-06-01,7.56,3.0,4.56,5.745,7.412133071300505
OFFICE,BOND PAPER,A3  COPY PAPER,2024-07-01,4.47,3.0,1.4699999999999998,5.745,7.412133071300505
OFFICE,BOND PAPER,A3  COPY PAPER,2024-08-01,3.85,3.0,0.8500000000000001,5.745,7.412133071300505
OFFICE,BOND PAPER,A3  COPY PAPER,2024-09-01,2.83,3.0,-0.16999999999999993,5.745,7.412133071300505
OFFICE,BOND PAPER,A3  COPY PAPER,2024-10-01,6.42,3.0,3.42,5.745,7.412133071300505
OFFICE,BOND PAPER,A3  COPY PAPER,2024-11-01,6.24,3.0,3.24,5.745,7.412133071300505
OFFICE,BOND PAPER,A3  COPY PAPER,2024-12-01,5.88,3.0,2.88,5.745,7.412133071300505
OFFICE,BOND PAPER,A4  COPY PAPER,2024-01-01,18.03,9.0,9.030000000000001,10.530833333333334,13.42187486903376
OFFICE,BOND PAPER,A4  COPY PAPER,2024-02-01,23.67,9.0,14.670000000000002,10.530833333333334,13.42187486903376
OFFICE,BOND PAPER,A4  COPY PAPER,2024-03-01,26.42,9.0,17.42,10.530833333333334,13.42187486903376
OFFICE,BOND PAPER,A4  COPY PAPER,2024-04-01,26.41,9.0,17.41,10.530833333333334,13.42187486903376
OFFICE,BOND PAPER,A4  COPY PAPER,2024-05-01,23.68,9.0,14.68,10.530833333333334,13.42187486903376
OFFICE,BOND PAPER,A4  COPY PAPER,2024-06-01,23.42,9.0,14.420000000000002,10.530833333333334,13.42187486903376
OFFICE,BOND PAPER,A4  COPY PAPER,2024-07-01,15.89,9.0,6.890000000000001,10.530833333333334,13.42187486903376
OFFICE,BOND PAPER,A4  COPY PAPER,2024-08-01,18.49,9.0,9.489999999999998,10.530833333333334,13.42187486903376
OFFICE,BOND PAPER,A4  COPY PAPER,2024-09-01,14.69,9.0,5.6899999999999995,10.530833333333334,13.42187486903376
OFFICE,BOND PAPER,A4  COPY PAPER,2024-10-01,22.72,9.0,13.719999999999999,10.530833333333334,13.42187486903376
OFFICE,BOND PAPER,A4  COPY PAPER,2024-11-01,23.89,9.0,14.89,10.530833333333334,13.42187486903376
OFFICE,BOND PAPER,A4  COPY PAPER,2024-12-01,17.58,9.0,8.579999999999998,10.530833333333334,13.42187486903376
OFFICE,INK,INK EPSON T6641   BLACK,2024-01-01,28.01,0.0,28.01,6.571666666666666,9.654978853765899
OFFICE,INK,INK EPSON T6641   BLACK,2024-02-01,5.42,0.0,5.42,6.571666666666666,9.654978853765899
OFFICE,INK,INK EPSON T6641   BLACK,2024-03-01,4.0,0.0,4.0,6.571666666666666,9.654978853765899
OFFICE,INK,INK EPSON T6641   BLACK,2024-04-01,5.67,0.0,5.67,6.571666666666666,9.654978853765899
OFFICE,INK,INK EPSON T6641   BLACK,2024-05-01,14.19,0.0,14.19,6.571666666666666,9.654978853765899
OFFICE,INK,INK EPSON T6641   BLACK,2024-06-01,6.08,0.0,6.08,6.571666666666666,9.654978853765899
OFFICE,INK,INK EPSON T6641   BLACK,2024-07-01,5.56,0.0,5.56,6.571666666666666,9.654978853765899
OFFICE,INK,INK EPSON T6641   BLACK,2024-08-01,6.06,0.0,6.06,6.571666666666666,9.654978853765899
OFFICE,INK,INK EPSON T6641   BLACK,2024-09-01,15.38,0.0,15.38,6.571666666666666,9.654978853765899
OFFICE,INK,INK EPSON T6641   BLACK,2024-10-01,15.51,0.0,15.51,6.571666666666666,9.654978853765899
OFFICE,INK,INK EPSON T6641   BLACK,2024-11-01,14.87,0.0,14.87,6.571666666666666,9.654978853765899
OFFICE,INK,INK EPSON T6641   BLACK,2024-12-01,5.02,0.0,5.02,6.571666666666666,9.654978853765899
OFFICE,TISSUE,"TISSUE/TOILET PAPER, 3-ply, 600 sheets, 100% Virgin Pulp",2024-01-01,59.03,72.0,-12.969999999999999,41.80249999999999,54.40428636605759
OFFICE,TISSUE,"TISSUE/TOILET PAPER, 3-ply, 600 sheets, 100% Virgin Pulp",2024-02-01,61.89,72.0,-10.11,41.80249999999999,54.40428636605759
OFFICE,TISSUE,"TISSUE/TOILET PAPER, 3-ply, 600 sheets, 100% Virgin Pulp",2024-03-01,52.46,72.0,-19.54,41.80249999999999,54.40428636605759
OFFICE,TISSUE,"TISSUE/TOILET PAPER, 3-ply, 600 sheets, 100% Virgin Pulp",2024-04-01,48.75,72.0,-23.25,41.80249999999999,54.40428636605759
OFFICE,TISSUE,"TISSUE/TOILET PAPER, 3-ply, 600 sheets, 100% Virgin Pulp",2024-05-01,34.96,72.0,-37.04,41.80249999999999,54.40428636605759
OFFICE,TISSUE,"TISSUE/TOILET PAPER, 3-ply, 600 sheets, 100% Virgin Pulp",2024-06-01,31.38,72.0,-40.620000000000005,41.80249999999999,54.40428636605759
OFFICE,TISSUE,"TISSUE/TOILET PAPER, 3-ply, 600 sheets, 100% Virgin Pulp",2024-07-01,34.57,72.0,-37.43,41.80249999999999,54.40428636605759
OFFICE,TISSUE,"TISSUE/TOILET PAPER, 3-ply, 600 sheets, 100% Virgin Pulp",2024-08-01,28.86,72.0,-43.14,41.80249999999999,54.40428636605759
OFFICE,TISSUE,"TISSUE/TOILET PAPER, 3-ply, 600 sheets, 100% Virgin Pulp",2024-09-01,31.11,72.0,-40.89,41.80249999999999,54.40428636605759
OFFICE,TISSUE,"TISSUE/TOILET PAPER, 3-ply, 600 sheets, 100% Virgin Pulp",2024-10-01,27.63,72.0,-44.370000000000005,41.80249999999999,54.40428636605759
OFFICE,TISSUE,"TISSUE/TOILET PAPER, 3-ply, 600 sheets, 100% Virgin Pulp",2024-11-01,28.74,72.0,-43.260000000000005,41.80249999999999,54.40428636605759
OFFICE,TISSUE,"TISSUE/TOILET PAPER, 3-ply, 600 sheets, 100% Virgin Pulp",2024-12-01,24.94,72.0,-47.06,41.80249999999999,54.40428636605759
PLUMBING,GATE VALVE,"GATE VALVE 1/2""",2024-01-01,0.35,0.0,0.35,2.543333333333333,3.4646765120763194
PLUMBING,GATE VALVE,"GATE VALVE 1/2""",2024-02-01,0.48,0.0,0.48,2.543333333333333,3.4646765120763194
PLUMBING,GATE VALVE,"GATE VALVE 1/2""",2024-03-01,0.13,0.0,0.13,2.543333333333333,3.4646765120763194
PLUMBING,GATE VALVE,"GATE VALVE 1/2""",2024-04-01,0.07,0.0,0.07,2.543333333333333,3.4646765120763194
PLUMBING,GATE VALVE,"GATE VALVE 1/2""",2024-05-01,0.0,0.0,0.0,2.543333333333333,3.4646765120763194
PLUMBING,GATE VALVE,"GATE VALVE 1/2""",2024-06-01,0.11,0.0,0.11,2.543333333333333,3.4646765120763194
PLUMBING,GATE VALVE,"GATE VALVE 1/2""",2024-07-01,0.0,0.0,0.0,2.543333333333333,3.4646765120763194
PLUMBING,GATE VALVE,"GATE VALVE 1/2""",2024-08-01,0.65,0.0,0.65,2.543333333333333,3.4646765120763194
PLUMBING,GATE VALVE,"GATE VALVE 1/2""",2024-09-01,4.71,0.0,4.71,2.543333333333333,3.4646765120763194
PLUMBING,GATE VALVE,"GATE VALVE 1/2""",2024-10-01,2.25,0.0,2.25,2.543333333333333,3.4646765120763194
PLUMBING,GATE VALVE,"GATE VALVE 1/2""",2024-11-01,1.3,0.0,1.3,2.543333333333333,3.4646765120763194
PLUMBING,GATE VALVE,"GATE VALVE 1/2""",2024-12-01,2.73,0.0,2.73,2.543333333333333,3.4646765120763194
PLUMBING,GI PIPE,"GI PIPE 1 1/2"" X 20 40 SCH.",2024-01-01,1.27,1.0,0.27,0.5716666666666667,0.9018037480516479
PLUMBING,GI PIPE,"GI PIPE 1 1/2"" X 20 40 SCH.",2024-02-01,0.27,1.0,-0.73,0.5716666666666667,0.9018037480516479
PLUMBING,GI PIPE,"GI PIPE 1 1/2"" X 20 40 SCH.",2024-03-01,0.72,1.0,-0.28,0.5716666666666667,0.9018037480516479
PLUMBING,GI PIPE,"GI PIPE 1 1/2"" X 20 40 SCH.",2024-04-01,0.21,1.0,-0.79,0.5716666666666667,0.9018037480516479
PLUMBING,GI PIPE,"GI PIPE 1 1/2"" X 20 40 SCH.",2024-05-01,0.66,1.0,-0.33999999999999997,0.5716666666666667,0.9018037480516479
PLUMBING,GI PIPE,"GI PIPE 1 1/2"" X 20 40 SCH.",2024-06-01,0.28,1.0,-0.72,0.5716666666666667,0.9018037480516479
PLUMBING,GI PIPE,"GI PIPE 1 1/2"" X 20 40 SCH.",2024-07-01,0.47,1.0,-0.53,0.5716666666666667,0.9018037480516479
PLUMBING,GI PIPE,"GI PIPE 1 1/2"" X 20 40 SCH.",2024-08-01,0.15,1.0,-0.85,0.5716666666666667,0.9018037480516479
PLUMBING,GI PIPE,"GI PIPE 1 1/2"" X 20 40 SCH.",2024-09-01,0.24,1.0,-0.76,0.5716666666666667,0.9018037480516479
PLUMBING,GI PIPE,"GI PIPE 1 1/2"" X 20 40 SCH.",2024-10-01,0.08,1.0,-0.92,0.5716666666666667,0.9018037480516479
PLUMBING,GI PIPE,"GI PIPE 1 1/2"" X 20 40 SCH.",2024-11-01,0.1,1.0,-0.9,0.5716666666666667,0.9018037480516479
PLUMBING,GI PIPE,"GI PIPE 1 1/2"" X 20 40 SCH.",2024-12-01,0.34,1.0,-0.6599999999999999,0.5716666666666667,0.9018037480516479
PLUMBING,GI PIPE,"GI PIPE 1"" X 20' SCH.40",2024-01-01,0.1,0.0,0.1,0.6425,0.7674362079895197
PLUMBING,GI PIPE,"GI PIPE 1"" X 20' SCH.40",2024-02-01,0.21,0.0,0.21,0.6425,0.7674362079895197
PLUMBING,GI PIPE,"GI PIPE 1"" X 20' SCH.40",2024-03-01,0.17,0.0,0.17,0.6425,0.7674362079895197
PLUMBING,GI PIPE,"GI PIPE 1"" X 20' SCH.40",2024-04-01,1.02,0.0,1.02,0.6425,0.7674362079895197
PLUMBING,GI PIPE,"GI PIPE 1"" X 20' SCH.40",2024-05-01,0.06,0.0,0.06,0.6425,0.7674362079895197
PLUMBING,GI PIPE,"GI PIPE 1"" X 20' SCH.40",2024-06-01,0.1,0.0,0.1,0.6425,0.7674362079895197
PLUMBING,GI PIPE,"GI PIPE 1"" X 20' SCH.40",2024-07-01,0.06,0.0,0.06,0.6425,0.7674362079895197
PLUMBING,GI PIPE,"GI PIPE 1"" X 20' SCH.40",2024-08-01,0.02,0.0,0.02,0.6425,0.7674362079895197
PLUMBING,GI PIPE,"GI PIPE 1"" X 20' SCH.40",2024-09-01,1.04,0.0,1.04,0.6425,0.7674362079895197
PLUMBING,GI PIPE,"GI PIPE 1"" X 20' SCH.40",2024-10-01,0.44,0.0,0.44,0.6425,0.7674362079895197
PLUMBING,GI PIPE,"GI PIPE 1"" X 20' SCH.40",2024-11-01,0.68,0.0,0.68,0.6425,0.7674362079895197
PLUMBING,GI PIPE,"GI PIPE 1"" X 20' SCH.40",2024-12-01,1.8,0.0,1.8,0.6425,0.7674362079895197
PLUMBING,PVC PIPE,"PVC PIPE 1/2"" X 10' BLUE",2024-01-01,13.13,13.0,0.13000000000000078,6.550833333333333,8.308453024881748
PLUMBING,PVC PIPE,"PVC PIPE 1/2"" X 10' BLUE",2024-02-01,11.32,13.0,-1.6799999999999997,6.550833333333333,8.308453024881748
PLUMBING,PVC PIPE,"PVC PIPE 1/2"" X 10' BLUE",2024-03-01,12.48,13.0,-0.5199999999999996,6.550833333333333,8.308453024881748
PLUMBING,PVC PIPE,"PVC PIPE 1/2"" X 10' BLUE",2024-04-01,9.41,13.0,-3.59,6.550833333333333,8.308453024881748
PLUMBING,PVC PIPE,"PVC PIPE 1/2"" X 10' BLUE",2024-05-01,5.94,13.0,-7.06,6.550833333333333,8.308453024881748
PLUMBING,PVC PIPE,"PVC PIPE 1/2"" X 10' BLUE",2024-06-01,11.21,13.0,-1.7899999999999991,6.550833333333333,8.308453024881748
PLUMBING,PVC PIPE,"PVC PIPE 1/2"" X 10' BLUE",2024-07-01,7.54,13.0,-5.46,6.550833333333333,8.308453024881748
PLUMBING,PVC PIPE,"PVC PIPE 1/2"" X 10' BLUE",2024-08-01,8.11,13.0,-4.890000000000001,6.550833333333333,8.308453024881748
PLUMBING,PVC PIPE,"PVC PIPE 1/2"" X 10' BLUE",2024-09-01,5.47,13.0,-7.53,6.550833333333333,8.308453024881748
PLUMBING,PVC PIPE,"PVC PIPE 1/2"" X 10' BLUE",2024-10-01,7.01,13.0,-5.99,6.550833333333333,8.308453024881748
PLUMBING,PVC PIPE,"PVC PIPE 1/2"" X 10' BLUE",2024-11-01,6.33,13.0,-6.67,6.550833333333333,8.308453024881748
PLUMBING,PVC PIPE,"PVC PIPE 1/2"" X 10' BLUE",2024-12-01,4.82,13.0,-8.18,6.550833333333333,8.308453024881748
PLUMBING,PVC PIPE,"PVC PIPE 3/4"" BLUE",2024-01-01,14.12,13.0,1.1199999999999992,9.720833333333333,13.850693424277836
PLUMBING,PVC PIPE,"PVC PIPE 3/4"" BLUE",2024-02-01,13.15,13.0,0.15000000000000036,9.720833333333333,13.850693424277836
PLUMBING,PVC PIPE,"PVC PIPE 3/4"" BLUE",2024-03-01,12.82,13.0,-0.17999999999999972,9.720833333333333,13.850693424277836
PLUMBING,PVC PIPE,"PVC PIPE 3/4"" BLUE",2024-04-01,8.42,13.0,-4.58,9.720833333333333,13.850693424277836
PLUMBING,PVC PIPE,"PVC PIPE 3/4"" BLUE",2024-05-01,7.51,13.0,-5.49,9.720833333333333,13.850693424277836
PLUMBING,PVC PIPE,"PVC PIPE 3/4"" BLUE",2024-06-01,12.87,13.0,-0.13000000000000078,9.720833333333333,13.850693424277836
PLUMBING,PVC PIPE,"PVC PIPE 3/4"" BLUE",2024-07-01,10.34,13.0,-2.66,9.720833333333333,13.850693424277836
PLUMBING,PVC PIPE,"PVC PIPE 3/4"" BLUE",2024-08-01,7.4,13.0,-5.6,9.720833333333333,13.850693424277836
PLUMBING,PVC PIPE,"PVC PIPE 3/4"" BLUE",2024-09-01,7.34,13.0,-5.66,9.720833333333333,13.850693424277836
PLUMBING,PVC PIPE,"PVC PIPE 3/4"" BLUE",2024-10-01,5.92,13.0,-7.08,9.720833333333333,13.850693424277836
PLUMBING,PVC PIPE,"PVC PIPE 3/4"" BLUE",2024-11-01,10.86,13.0,-2.1400000000000006,9.720833333333333,13.850693424277836
PLUMBING,PVC PIPE,"PVC PIPE 3/4"" BLUE",2024-12-01,6.63,13.0,-6.37,9.720833333333333,13.850693424277836
REFRIGERATION,COPPER TUBE ,"COPPER TUBE  3/8""",2024-01-01,113.5,285.0,-171.5,147.10999999999999,181.32502801139543
REFRIGERATION,COPPER TUBE ,"COPPER TUBE  3/8""",2024-02-01,146.37,285.0,-138.63,147.10999999999999,181.32502801139543
REFRIGERATION,COPPER TUBE ,"COPPER TUBE  3/8""",2024-03-01,132.13,285.0,-152.87,147.10999999999999,181.32502801139543
REFRIGERATION,COPPER TUBE ,"COPPER TUBE  3/8""",2024-04-01,174.48,285.0,-110.52000000000001,147.10999999999999,181.32502801139543
REFRIGERATION,COPPER TUBE ,"COPPER TUBE  3/8""",2024-05-01,129.86,285.0,-155.14,147.10999999999999,181.32502801139543
REFRIGERATION,COPPER TUBE ,"COPPER TUBE  3/8""",2024-06-01,134.49,285.0,-150.51,147.10999999999999,181.32502801139543
REFRIGERATION,COPPER TUBE ,"COPPER TUBE  3/8""",2024-07-01,176.4,285.0,-108.6,147.10999999999999,181.32502801139543
REFRIGERATION,COPPER TUBE ,"COPPER TUBE  3/8""",2024-08-01,154.58,285.0,-130.42,147.10999999999999,181.32502801139543
REFRIGERATION,COPPER TUBE ,"COPPER TUBE  3/8""",2024-09-01,80.87,285.0,-204.13,147.10999999999999,181.32502801139543
REFRIGERATION,COPPER TUBE ,"COPPER TUBE  3/8""",2024-10-01,73.43,285.0,-211.57,147.10999999999999,181.32502801139543
REFRIGERATION,COPPER TUBE ,"COPPER TUBE  3/8""",2024-11-01,112.4,285.0,-172.6,147.10999999999999,181.32502801139543
REFRIGERATION,COPPER TUBE ,"COPPER TUBE  3/8""",2024-12-01,119.45,285.0,-165.55,147.10999999999999,181.32502801139543
REFRIGERATION,COPPER TUBE ,"COPPER TUBE 1/2""",2024-01-01,125.66,80.0,45.66,107.16000000000001,143.72998312808642
REFRIGERATION,COPPER TUBE ,"COPPER TUBE 1/2""",2024-02-01,56.91,80.0,-23.090000000000003,107.16000000000001,143.72998312808642
REFRIGERATION,COPPER TUBE ,"COPPER TUBE 1/2""",2024-03-01,87.98,80.0,7.980000000000004,107.16000000000001,143.72998312808642
REFRIGERATION,COPPER TUBE ,"COPPER TUBE 1/2""",2024-04-01,87.49,80.0,7.489999999999995,107.16000000000001,143.72998312808642
REFRIGERATION,COPPER TUBE ,"COPPER TUBE 1/2""",2024-05-01,86.03,80.0,6.030000000000001,107.16000000000001,143.72998312808642
REFRIGERATION,COPPER TUBE ,"COPPER TUBE 1/2""",2024-06-01,82.34,80.0,2.3400000000000034,107.16000000000001,143.72998312808642
REFRIGERATION,COPPER TUBE ,"COPPER TUBE 1/2""",2024-07-01,51.32,80.0,-28.68,107.16000000000001,143.72998312808642
REFRIGERATION,COPPER TUBE ,"COPPER TUBE 1/2""",2024-08-01,30.37,80.0,-49.629999999999995,107.16000000000001,143.72998312808642
REFRIGERATION,COPPER TUBE ,"COPPER TUBE 1/2""",2024-09-01,99.31,80.0,19.310000000000002,107.16000000000001,143.72998312808642
REFRIGERATION,COPPER TUBE ,"COPPER TUBE 1/2""",2024-10-01,33.34,80.0,-46.66,107.16000000000001,143.72998312808642
REFRIGERATION,COPPER TUBE ,"COPPER TUBE 1/2""",2024-11-01,43.14,80.0,-36.86,107.16000000000001,143.72998312808642
REFRIGERATION,COPPER TUBE ,"COPPER TUBE 1/2""",2024-12-01,37.22,80.0,-42.78,107.16000000000001,143.72998312808642
REFRIGERATION,REFRIGERANT ,REFRIGERANT # R-410A,2024-01-01,15.845999999999997,21.0,-5.1540000000000035,16.6745,21.77977769246815
REFRIGERATION,REFRIGERANT ,REFRIGERANT # R-410A,2024-02-01,14.41,21.0,-6.59,16.6745,21.77977769246815
REFRIGERATION,REFRIGERANT ,REFRIGERANT # R-410A,2024-03-01,21.618999999999996,21.0,0.6189999999999962,16.6745,21.77977769246815
REFRIGERATION,REFRIGERANT ,REFRIGERANT # R-410A,2024-04-01,13.597999999999997,21.0,-7.402000000000003,16.6745,21.77977769246815
REFRIGERATION,REFRIGERANT ,REFRIGERANT # R-410A,2024-05-01,21.77799999999999,21.0,0.7779999999999916,16.6745,21.77977769246815
REFRIGERATION,REFRIGERANT ,REFRIGERANT # R-410A,2024-06-01,9.155999999999999,21.0,-11.844000000000001,16.6745,21.77977769246815
REFRIGERATION,REFRIGERANT ,REFRIGERANT # R-410A,2024-07-01,14.951999999999996,21.0,-6.048000000000004,16.6745,21.77977769246815
REFRIGERATION,REFRIGERANT ,REFRIGERANT # R-410A,2024-08-01,20.942999999999998,21.0,-0.05700000000000216,16.6745,21.77977769246815
REFRIGERATION,REFRIGERANT ,REFRIGERANT # R-410A,2024-09-01,7.6,21.0,-13.4,16.6745,21.77977769246815
REFRIGERATION,REFRIGERANT ,REFRIGERANT # R-410A,2024-10-01,23.636999999999997,21.0,2.636999999999997,16.6745,21.77977769246815
REFRIGERATION,REFRIGERANT ,REFRIGERANT # R-410A,2024-11-01,11.819999999999999,21.0,-9.180000000000001,16.6745,21.77977769246815
REFRIGERATION,REFRIGERANT ,REFRIGERANT # R-410A,2024-12-01,6.65,21.0,-14.35,16.6745,21.77977769246815
REFRIGERATION,REFRIGERANT ,REFRIGERANT #134-A,2024-01-01,0.0,1.0,-1.0,0.3183333333333333,0.5114684741017769
REFRIGERATION,REFRIGERANT ,REFRIGERANT #134-A,2024-02-01,0.0,1.0,-1.0,0.3183333333333333,0.5114684741017769
REFRIGERATION,REFRIGERANT ,REFRIGERANT #134-A,2024-03-01,0.07,1.0,-0.9299999999999999,0.3183333333333333,0.5114684741017769
REFRIGERATION,REFRIGERANT ,REFRIGERANT #134-A,2024-04-01,0.0,1.0,-1.0,0.3183333333333333,0.5114684741017769
REFRIGERATION,REFRIGERANT ,REFRIGERANT #134-A,2024-05-01,0.0,1.0,-1.0,0.3183333333333333,0.5114684741017769
REFRIGERATION,REFRIGERANT ,REFRIGERANT #134-A,2024-06-01,0.31,1.0,-0.69,0.3183333333333333,0.5114684741017769
REFRIGERATION,REFRIGERANT ,REFRIGERANT #134-A,2024-07-01,0.22,1.0,-0.78,0.3183333333333333,0.5114684741017769
REFRIGERATION,REFRIGERANT ,REFRIGERANT #134-A,2024-08-01,0.01,1.0,-0.99,0.3183333333333333,0.5114684741017769
REFRIGERATION,REFRIGERANT ,REFRIGERANT #134-A,2024-09-01,0.0,1.0,-1.0,0.3183333333333333,0.5114684741017769
REFRIGERATION,REFRIGERANT ,REFRIGERANT #134-A,2024-10-01,0.0,1.0,-1.0,0.3183333333333333,0.5114684741017769
REFRIGERATION,REFRIGERANT ,REFRIGERANT #134-A,2024-11-01,0.17,1.0,-0.83,0.3183333333333333,0.5114684741017769
REFRIGERATION,REFRIGERANT ,REFRIGERANT #134-A,2024-12-01,0.08,1.0,-0.92,0.3183333333333333,0.5114684741017769
REFRIGERATION,REFRIGERANT ,REFRIGERANT #22,2024-01-01,10.641000000000005,0.0,10.641000000000005,8.666916666666667,12.361201954098153
REFRIGERATION,REFRIGERANT ,REFRIGERANT #22,2024-02-01,9.028000000000002,0.0,9.028000000000002,8.666916666666667,12.361201954098153
REFRIGERATION,REFRIGERANT ,REFRIGERANT #22,2024-03-01,6.466000000000001,0.0,6.466000000000001,8.666916666666667,12.361201954098153
REFRIGERATION,REFRIGERANT ,REFRIGERANT #22,2024-04-01,3.6729999999999996,0.0,3.6729999999999996,8.666916666666667,12.361201954098153
REFRIGERATION,REFRIGERANT ,REFRIGERANT #22,2024-05-01,5.073,0.0,5.073,8.666916666666667,12.361201954098153
REFRIGERATION,REFRIGERANT ,REFRIGERANT #22,2024-06-01,6.588000000000002,0.0,6.588000000000002,8.666916666666667,12.361201954098153
REFRIGERATION,REFRIGERANT ,REFRIGERANT #22,2024-07-01,1.785,0.0,1.785,8.666916666666667,12.361201954098153
REFRIGERATION,REFRIGERANT ,REFRIGERANT #22,2024-08-01,2.988,0.0,2.988,8.666916666666667,12.361201954098153
REFRIGERATION,REFRIGERANT ,REFRIGERANT #22,2024-09-01,1.8319999999999999,0.0,1.8319999999999999,8.666916666666667,12.361201954098153
REFRIGERATION,REFRIGERANT ,REFRIGERANT #22,2024-10-01,1.311,0.0,1.311,8.666916666666667,12.361201954098153
REFRIGERATION,REFRIGERANT ,REFRIGERANT #22,2024-11-01,8.239000000000003,0.0,8.239000000000003,8.666916666666667,12.361201954098153
REFRIGERATION,REFRIGERANT ,REFRIGERANT #22,2024-12-01,4.859,0.0,4.859,8.666916666666667,12.361201954098153
